WHICH,1
THERE,2
THEIR,3
ABOUT,4
WOULD,5
THESE,6
OTHER,7
WORDS,8
COULD,9
WRITE,10
FIRST,11
WATER,12
AFTER,13
WHERE,14
RIGHT,15
THINK,16
THREE,17
YEARS,18
PLACE,19
SOUND,20
GREAT,21
AGAIN,22
STILL,23
EVERY,24
SMALL,25
FOUND,26
THOSE,27
NEVER,28
UNDER,29
MIGHT,30
WHILE,31
HOUSE,32
WORLD,33
BELOW,34
ASKED,35
GOING,36
LARGE,37
UNTIL,38
ALONG,39
SHALL,40
BEING,41
OFTEN,42
EARTH,43
BEGAN,44
SINCE,45
STUDY,46
NIGHT,47
LIGHT,48
ABOVE,49
PAPER,50
PARTS,51
YOUNG,52
STORY,53
POINT,54
TIMES,55
HEARD,56
WHOLE,57
WHITE,58
GIVEN,59
MEANS,60
MUSIC,61
MILES,62
THING,63
TODAY,64
LATER,65
USING,66
MONEY,67
LINES,68
ORDER,69
GROUP,70
AMONG,71
LEARN,72
KNOWN,73
SPACE,74
TABLE,75
EARLY,76
TREES,77
SHORT,78
HANDS,79
STATE,80
BLACK,81
SHOWN,82
STOOD,83
FRONT,84
VOICE,85
KINDS,86
MAKES,87
COMES,88
CLOSE,89
POWER,90
LIVED,91
VOWEL,92
TAKEN,93
BUILT,94
HEART,95
READY,96
QUITE,97
CLASS,98
BRING,99
ROUND,100
HORSE,101
SHOWS,102
PIECE,103
GREEN,104
STAND,105
BIRDS,106
START,107
RIVER,108
TRIED,109
LEAST,110
FIELD,111
WHOSE,112
GIRLS,113
LEAVE,114
ADDED,115
COLOR,116
THIRD,117
HOURS,118
MOVED,119
PLANT,120
DOING,121
NAMES,122
FORMS,123
HEAVY,124
IDEAS,125
CRIED,126
CHECK,127
FLOOR,128
BEGIN,129
WOMAN,130
ALONE,131
PLANE,132
SPELL,133
WATCH,134
CARRY,135
WROTE,136
CLEAR,137
NAMED,138
BOOKS,139
CHILD,140
GLASS,141
HUMAN,142
TAKES,143
PARTY,144
BUILD,145
SEEMS,146
BLOOD,147
SIDES,148
SEVEN,149
MOUTH,150
SOLVE,151
NORTH,152
VALUE,153
DEATH,154
MAYBE,155
HAPPY,156
TELLS,157
GIVES,158
LOOKS,159
SHAPE,160
LIVES,161
STEPS,162
AREAS,163
SENSE,164
SPEAK,165
FORCE,166
OCEAN,167
SPEED,168
WOMEN,169
METAL,170
SOUTH,171
GRASS,172
SCALE,173
CELLS,174
LOWER,175
SLEEP,176
WRONG,177
PAGES,178
SHIPS,179
NEEDS,180
ROCKS,181
EIGHT,182
MAJOR,183
LEVEL,184
TOTAL,185
AHEAD,186
REACH,187
STARS,188
STORE,189
SIGHT,190
TERMS,191
CATCH,192
WORKS,193
BOARD,194
COVER,195
SONGS,196
EQUAL,197
STONE,198
WAVES,199
GUESS,200
DANCE,201
SPOKE,202
BREAK,203
CAUSE,204
RADIO,205
WEEKS,206
LANDS,207
BASIC,208
LIKED,209
TRADE,210
FRESH,211
FINAL,212
FIGHT,213
MEANT,214
DRIVE,215
SPENT,216
LOCAL,217
WAXES,218
KNOWS,219
TRAIN,220
BREAD,221
HOMES,222
TEETH,223
COAST,224
THICK,225
BROWN,226
CLEAN,227
QUIET,228
SUGAR,229
FACTS,230
STEEL,231
FORTH,232
RULES,233
NOTES,234
UNITS,235
PEACE,236
MONTH,237
VERBS,238
SEEDS,239
HELPS,240
SHARP,241
VISIT,242
WOODS,243
CHIEF,244
WALLS,245
CROSS,246
WINGS,247
GROWN,248
CASES,249
FOODS,250
CROPS,251
FRUIT,252
STICK,253
WANTS,254
STAGE,255
SHEEP,256
NOUNS,257
PLAIN,258
DRINK,259
BONES,260
APART,261
TURNS,262
MOVES,263
TOUCH,264
ANGLE,265
BASED,266
RANGE,267
MARKS,268
TIRED,269
OLDER,270
FARMS,271
SPEND,272
SHOES,273
GOODS,274
CHAIR,275
TWICE,276
CENTS,277
EMPTY,278
ALIKE,279
STYLE,280
BROKE,281
PAIRS,282
COUNT,283
ENJOY,284
SCORE,285
SHORE,286
ROOTS,287
PAINT,288
HEADS,289
SHOOK,290
SERVE,291
ANGRY,292
CROWD,293
WHEEL,294
QUICK,295
DRESS,296
SHARE,297
ALIVE,298
NOISE,299
SOLID,300
CLOTH,301
SIGNS,302
HILLS,303
TYPES,304
DRAWN,305
WORTH,306
TRUCK,307
PIANO,308
UPPER,309
LOVED,310
USUAL,311
FACES,312
DROVE,313
CABIN,314
BOATS,315
TOWNS,316
PROUD,317
COURT,318
MODEL,319
PRIME,320
FIFTY,321
PLANS,322
YARDS,323
PROVE,324
TOOLS,325
PRICE,326
SHEET,327
SMELL,328
BOXES,329
RAISE,330
MATCH,331
TRUTH,332
ROADS,333
THREW,334
ENEMY,335
LUNCH,336
CHART,337
SCENE,338
GRAPH,339
DOUBT,340
GUIDE,341
WINDS,342
BLOCK,343
GRAIN,344
SMOKE,345
MIXED,346
GAMES,347
WAGON,348
SWEET,349
TOPIC,350
EXTRA,351
PLATE,352
TITLE,353
KNIFE,354
FENCE,355
FALLS,356
CLOUD,357
WHEAT,358
PLAYS,359
ENTER,360
BROAD,361
STEAM,362
ATOMS,363
PRESS,364
LYING,365
BASIS,366
CLOCK,367
TASTE,368
GROWS,369
THANK,370
STORM,371
AGREE,372
BRAIN,373
TRACK,374
SMILE,375
FUNNY,376
BEACH,377
STOCK,378
HURRY,379
SAVED,380
SORRY,381
GIANT,382
TRAIL,383
OFFER,384
OUGHT,385
ROUGH,386
DAILY,387
AVOID,388
KEEPS,389
THROW,390
ALLOW,391
CREAM,392
LAUGH,393
EDGES,394
TEACH,395
FRAME,396
BELLS,397
DREAM,398
MAGIC,399
OCCUR,400
ENDED,401
CHORD,402
FALSE,403
SKILL,404
HOLES,405
DOZEN,406
BRAVE,407
APPLE,408
CLIMB,409
OUTER,410
PITCH,411
RULER,412
HOLDS,413
FIXED,414
COSTS,415
CALLS,416
BLANK,417
STAFF,418
LABOR,419
EATEN,420
YOUTH,421
TONES,422
HONOR,423
GLOBE,424
GASES,425
DOORS,426
POLES,427
LOOSE,428
APPLY,429
TEARS,430
EXACT,431
BRUSH,432
CHEST,433
LAYER,434
WHALE,435
MINOR,436
FAITH,437
TESTS,438
JUDGE,439
ITEMS,440
WORRY,441
WASTE,442
HOPED,443
STRIP,444
BEGUN,445
ASIDE,446
LAKES,447
BOUND,448
DEPTH,449
CANDY,450
EVENT,451
WORSE,452
AWARE,453
SHELL,454
ROOMS,455
RANCH,456
IMAGE,457
SNAKE,458
ALOUD,459
DRIED,460
LIKES,461
MOTOR,462
POUND,463
KNEES,464
REFER,465
FULLY,466
CHAIN,467
SHIRT,468
FLOUR,469
DROPS,470
SPITE,471
ORBIT,472
BANKS,473
SHOOT,474
CURVE,475
TRIBE,476
TIGHT,477
BLIND,478
SLEPT,479
SHADE,480
CLAIM,481
FLIES,482
THEME,483
QUEEN,484
FIFTH,485
UNION,486
HENCE,487
STRAW,488
ENTRY,489
ISSUE,490
BIRTH,491
FEELS,492
ANGER,493
BRIEF,494
RHYME,495
GLORY,496
GUARD,497
FLOWS,498
FLESH,499
OWNED,500
TRICK,501
YOURS,502
SIZES,503
NOTED,504
WIDTH,505
BURST,506
ROUTE,507
LUNGS,508
UNCLE,509
BEARS,510
ROYAL,511
KINGS,512
FORTY,513
TRIAL,514
CARDS,515
BRASS,516
OPERA,517
CHOSE,518
OWNER,519
VAPOR,520
BEATS,521
MOUSE,522
TOUGH,523
WIRES,524
METER,525
TOWER,526
FINDS,527
INNER,528
STUCK,529
ARROW,530
POEMS,531
LABEL,532
SWING,533
SOLAR,534
TRULY,535
TENSE,536
BEANS,537
SPLIT,538
RISES,539
WEIGH,540
HOTEL,541
STEMS,542
PRIDE,543
SWUNG,544
GRADE,545
DIGIT,546
BADLY,547
BOOTS,548
PILOT,549
SALES,550
SWEPT,551
LUCKY,552
PRIZE,553
STOVE,554
TUBES,555
ACRES,556
WOUND,557
STEEP,558
SLIDE,559
TRUNK,560
ERROR,561
PORCH,562
SLAVE,563
EXIST,564
FACED,565
MINES,566
MARRY,567
JUICE,568
RACED,569
WAVED,570
GOOSE,571
TRUST,572
FEWER,573
FAVOR,574
MILLS,575
VIEWS,576
JOINT,577
EAGER,578
SPOTS,579
BLEND,580
RINGS,581
ADULT,582
INDEX,583
NAILS,584
HORNS,585
BALLS,586
FLAME,587
RATES,588
DRILL,589
TRACE,590
SKINS,591
WAXED,592
SEATS,593
STUFF,594
RATIO,595
MINDS,596
DIRTY,597
SILLY,598
COINS,599
HELLO,600
TRIPS,601
LEADS,602
RIFLE,603
HOPES,604
BASES,605
SHINE,606
BENCH,607
MORAL,608
FIRES,609
MEALS,610
SHAKE,611
SHOPS,612
CYCLE,613
MOVIE,614
SLOPE,615
CANOE,616
TEAMS,617
FOLKS,618
FIRED,619
BANDS,620
THUMB,621
SHOUT,622
CANAL,623
HABIT,624
REPLY,625
RULED,626
FEVER,627
CRUST,628
SHELF,629
WALKS,630
MIDST,631
CRACK,632
PRINT,633
TALES,634
COACH,635
STIFF,636
FLOOD,637
VERSE,638
AWAKE,639
ROCKY,640
MARCH,641
FAULT,642
SWIFT,643
FAINT,644
CIVIL,645
GHOST,646
FEAST,647
BLADE,648
LIMIT,649
GERMS,650
READS,651
DUCKS,652
DAIRY,653
WORST,654
GIFTS,655
LISTS,656
STOPS,657
RAPID,658
BRICK,659
CLAWS,660
BEADS,661
BEAST,662
SKIRT,663
CAKES,664
LIONS,665
FROGS,666
TRIES,667
NERVE,668
GRAND,669
ARMED,670
TREAT,671
HONEY,672
MOIST,673
LEGAL,674
PENNY,675
CROWN,676
SHOCK,677
TAXES,678
SIXTY,679
ALTAR,680
PULLS,681
SPORT,682
DRUMS,683
TALKS,684
DYING,685
DATES,686
DRANK,687
BLOWS,688
LEVER,689
WAGES,690
PROOF,691
DRUGS,692
TANKS,693
SINGS,694
TAILS,695
PAUSE,696
HERDS,697
AROSE,698
HATED,699
CLUES,700
NOVEL,701
SHAME,702
BURNT,703
RACES,704
FLASH,705
WEARY,706
HEELS,707
TOKEN,708
COATS,709
SPARE,710
SHINY,711
ALARM,712
DIMES,713
SIXTH,714
CLERK,715
MERCY,716
SUNNY,717
GUEST,718
FLOAT,719
SHONE,720
PIPES,721
WORMS,722
BILLS,723
SWEAT,724
SUITS,725
SMART,726
UPSET,727
RAINS,728
SANDY,729
RAINY,730
PARKS,731
SADLY,732
FANCY,733
RIDER,734
UNITY,735
BUNCH,736
ROLLS,737
CRASH,738
CRAFT,739
NEWLY,740
GATES,741
HATCH,742
PATHS,743
FUNDS,744
WIDER,745
GRACE,746
GRAVE,747
TIDES,748
ADMIT,749
SHIFT,750
SAILS,751
PUPIL,752
TIGER,753
ANGEL,754
CRUEL,755
AGENT,756
DRAMA,757
URGED,758
PATCH,759
NESTS,760
VITAL,761
SWORD,762
BLAME,763
WEEDS,764
SCREW,765
VOCAL,766
BACON,767
CHALK,768
CARGO,769
CRAZY,770
ACTED,771
GOATS,772
ARISE,773
WITCH,774
LOVES,775
QUEER,776
DWELL,777
BACKS,778
ROPES,779
SHOTS,780
MERRY,781
PHONE,782
CHEEK,783
PEAKS,784
IDEAL,785
BEARD,786
EAGLE,787
CREEK,788
CRIES,789
ASHES,790
STALL,791
YIELD,792
MAYOR,793
OPENS,794
INPUT,795
FLEET,796
TOOTH,797
CUBIC,798
WIVES,799
BURNS,800
POETS,801
APRON,802
SPEAR,803
ORGAN,804
CLIFF,805
STAMP,806
PASTE,807
RURAL,808
BAKED,809
CHASE,810
SLICE,811
SLANT,812
KNOCK,813
NOISY,814
SORTS,815
STAYS,816
WIPED,817
BLOWN,818
PILED,819
CLUBS,820
CHEER,821
WIDOW,822
TWIST,823
TENTH,824
HIDES,825
COMMA,826
SWEEP,827
SPOON,828
STERN,829
CREPT,830
MAPLE,831
DEEDS,832
RIDES,833
MUDDY,834
CRIME,835
JELLY,836
RIDGE,837
DRIFT,838
DUSTY,839
DEVIL,840
TEMPO,841
HUMOR,842
SENDS,843
STEAL,844
TENTS,845
WAIST,846
ROSES,847
REIGN,848
NOBLE,849
CHEAP,850
DENSE,851
LINEN,852
GEESE,853
WOVEN,854
POSTS,855
HIRED,856
WRATH,857
SALAD,858
BOWED,859
TIRES,860
SHARK,861
BELTS,862
GRASP,863
BLAST,864
POLAR,865
FUNGI,866
TENDS,867
PEARL,868
LOADS,869
JOKES,870
VEINS,871
FROST,872
HEARS,873
LOSES,874
HOSTS,875
DIVER,876
PHASE,877
TOADS,878
ALERT,879
TASKS,880
SEAMS,881
CORAL,882
FOCUS,883
NAKED,884
PUPPY,885
JUMPS,886
SPOIL,887
QUART,888
MACRO,889
FEARS,890
FLUNG,891
SPARK,892
VIVID,893
BROOK,894
STEER,895
SPRAY,896
DECAY,897
PORTS,898
SOCKS,899
URBAN,900
GOALS,901
GRANT,902
MINUS,903
FILMS,904
TUNES,905
SHAFT,906
FIRMS,907
SKIES,908
BRIDE,909
WRECK,910
FLOCK,911
STARE,912
HOBBY,913
BONDS,914
DARED,915
FADED,916
THIEF,917
CRUDE,918
PANTS,919
FLUTE,920
VOTES,921
TONAL,922
RADAR,923
WELLS,924
SKULL,925
HAIRS,926
ARGUE,927
WEARS,928
DOLLS,929
VOTED,930
CAVES,931
CARED,932
BROOM,933
SCENT,934
PANEL,935
FAIRY,936
OLIVE,937
BENDS,938
PRISM,939
LAMPS,940
CABLE,941
PEACH,942
RUINS,943
RALLY,944
SCHWA,945
LAMBS,946
SELLS,947
COOLS,948
DRAFT,949
CHARM,950
LIMBS,951
BRAKE,952
GAZED,953
CUBES,954
DELAY,955
BEAMS,956
FETCH,957
RANKS,958
ARRAY,959
HARSH,960
CAMEL,961
VINES,962
PICKS,963
NAVAL,964
PURSE,965
RIGID,966
CRAWL,967
TOAST,968
SOILS,969
SAUCE,970
BASIN,971
PONDS,972
TWINS,973
WRIST,974
FLUID,975
POOLS,976
BRAND,977
STALK,978
ROBOT,979
REEDS,980
HOOFS,981
BUSES,982
SHEER,983
GRIEF,984
BLOOM,985
DWELT,986
MELTS,987
RISEN,988
FLAGS,989
KNELT,990
FIBER,991
ROOFS,992
FREED,993
ARMOR,994
PILES,995
AIMED,996
ALGAE,997
TWIGS,998
LEMON,999
DITCH,1000
DRUNK,1001
RESTS,1002
CHILL,1003
SLAIN,1004
PANIC,1005
CORDS,1006
TUNED,1007
CRISP,1008
LEDGE,1009
DIVED,1010
SWAMP,1011
CLUNG,1012
STOLE,1013
MOLDS,1014
YARNS,1015
LIVER,1016
GAUGE,1017
BREED,1018
STOOL,1019
GULLS,1020
AWOKE,1021
GROSS,1022
DIARY,1023
RAILS,1024
BELLY,1025
TREND,1026
FLASK,1027
STAKE,1028
FRIED,1029
DRAWS,1030
ACTOR,1031
HANDY,1032
BOWLS,1033
HASTE,1034
SCOPE,1035
DEALS,1036
KNOTS,1037
MOONS,1038
ESSAY,1039
THUMP,1040
HANGS,1041
BLISS,1042
DEALT,1043
GAINS,1044
BOMBS,1045
CLOWN,1046
PALMS,1047
CONES,1048
ROAST,1049
TIDAL,1050
BORED,1051
CHANT,1052
ACIDS,1053
DOUGH,1054
CAMPS,1055
SWORE,1056
LOVER,1057
HOOKS,1058
MALES,1059
COCOA,1060
PUNCH,1061
AWARD,1062
REINS,1063
NINTH,1064
NOSES,1065
LINKS,1066
DRAIN,1067
FILLS,1068
NYLON,1069
LUNAR,1070
PULSE,1071
FLOWN,1072
ELBOW,1073
FATAL,1074
SITES,1075
MOTHS,1076
MEATS,1077
FOXES,1078
MINED,1079
ATTIC,1080
FIERY,1081
MOUNT,1082
USAGE,1083
SWEAR,1084
SNOWY,1085
RUSTY,1086
SCARE,1087
TRAPS,1088
RELAX,1089
REACT,1090
VALID,1091
ROBIN,1092
CEASE,1093
GILLS,1094
PRIOR,1095
SAFER,1096
POLIO,1097
LOYAL,1098
SWELL,1099
SALTY,1100
MARSH,1101
VAGUE,1102
WEAVE,1103
MOUND,1104
SEALS,1105
MULES,1106
VIRUS,1107
SCOUT,1108
ACUTE,1109
WINDY,1110
STOUT,1111
FOLDS,1112
SEIZE,1113
HILLY,1114
JOINS,1115
PLUCK,1116
STACK,1117
LORDS,1118
DUNES,1119
BURRO,1120
HAWKS,1121
TROUT,1122
FEEDS,1123
SCARF,1124
HALLS,1125
COALS,1126
TOWEL,1127
SOULS,1128
ELECT,1129
BUGGY,1130
PUMPS,1131
LOANS,1132
SPINS,1133
FILES,1134
OXIDE,1135
PAINS,1136
PHOTO,1137
RIVAL,1138
FLATS,1139
SYRUP,1140
RODEO,1141
SANDS,1142
MOOSE,1143
PINTS,1144
CURLY,1145
COMIC,1146
CLOAK,1147
ONION,1148
CLAMS,1149
SCRAP,1150
DIDST,1151
COUCH,1152
CODES,1153
FAILS,1154
OUNCE,1155
LODGE,1156
GREET,1157
GYPSY,1158
UTTER,1159
PAVED,1160
ZONES,1161
FOURS,1162
ALLEY,1163
TILES,1164
BLESS,1165
CREST,1166
ELDER,1167
KILLS,1168
YEAST,1169
ERECT,1170
BUGLE,1171
MEDAL,1172
ROLES,1173
HOUND,1174
SNAIL,1175
ALTER,1176
ANKLE,1177
RELAY,1178
LOOPS,1179
ZEROS,1180
BITES,1181
MODES,1182
DEBTS,1183
REALM,1184
GLOVE,1185
RAYON,1186
SWIMS,1187
POKED,1188
STRAY,1189
LIFTS,1190
MAKER,1191
LUMPS,1192
GRAZE,1193
DREAD,1194
BARNS,1195
DOCKS,1196
MASTS,1197
POURS,1198
WHARF,1199
CURSE,1200
PLUMP,1201
ROBES,1202
SEEKS,1203
CEDAR,1204
CURLS,1205
JOLLY,1206
MYTHS,1207
CAGES,1208
GLOOM,1209
LOCKS,1210
PEDAL,1211
BEETS,1212
CROWS,1213
ANODE,1214
SLASH,1215
CREEP,1216
ROWED,1217
CHIPS,1218
FISTS,1219
WINES,1220
CARES,1221
VALVE,1222
NEWER,1223
MOTEL,1224
IVORY,1225
NECKS,1226
CLAMP,1227
BARGE,1228
BLUES,1229
ALIEN,1230
FROWN,1231
STRAP,1232
CREWS,1233
SHACK,1234
GONNA,1235
SAVES,1236
STUMP,1237
FERRY,1238
IDOLS,1239
COOKS,1240
JUICY,1241
GLARE,1242
CARTS,1243
ALLOY,1244
BULBS,1245
LAWNS,1246
LASTS,1247
FUELS,1248
ODDLY,1249
CRANE,1250
FILED,1251
WEIRD,1252
SHAWL,1253
SLIPS,1254
TROOP,1255
BOLTS,1256
SUITE,1257
SLEEK,1258
QUILT,1259
TRAMP,1260
BLAZE,1261
ATLAS,1262
ODORS,1263
SCRUB,1264
CRABS,1265
PROBE,1266
LOGIC,1267
ADOBE,1268
EXILE,1269
REBEL,1270
GRIND,1271
STING,1272
SPINE,1273
CLING,1274
DESKS,1275
GROVE,1276
LEAPS,1277
PROSE,1278
LOFTY,1279
AGONY,1280
SNARE,1281
TUSKS,1282
BULLS,1283
MOODS,1284
HUMID,1285
FINER,1286
DIMLY,1287
PLANK,1288
CHINA,1289
PINES,1290
GUILT,1291
SACKS,1292
BRACE,1293
QUOTE,1294
LATHE,1295
GAILY,1296
FONTS,1297
SCALP,1298
ADOPT,1299
FOGGY,1300
FERNS,1301
GRAMS,1302
CLUMP,1303
PERCH,1304
TUMOR,1305
TEENS,1306
CRANK,1307
FABLE,1308
HEDGE,1309
GENES,1310
SOBER,1311
BOAST,1312
TRACT,1313
CIGAR,1314
UNITE,1315
OWING,1316
THIGH,1317
HAIKU,1318
SWISH,1319
DIKES,1320
WEDGE,1321
BOOTH,1322
EASED,1323
FRAIL,1324
COUGH,1325
TOMBS,1326
DARTS,1327
FORTS,1328
CHOIR,1329
POUCH,1330
PINCH,1331
HAIRY,1332
BUYER,1333
TORCH,1334
VIGOR,1335
WALTZ,1336
HEATS,1337
HERBS,1338
USERS,1339
FLINT,1340
CLICK,1341
MADAM,1342
BLEAK,1343
BLUNT,1344
AIDED,1345
LACKS,1346
MASKS,1347
WADED,1348
RISKS,1349
NURSE,1350
CHAOS,1351
SEWED,1352
CURED,1353
AMPLE,1354
LEASE,1355
STEAK,1356
SINKS,1357
MERIT,1358
BLUFF,1359
BATHE,1360
GLEAM,1361
BONUS,1362
COLTS,1363
SHEAR,1364
GLAND,1365
SILKY,1366
SKATE,1367
BIRCH,1368
ANVIL,1369
SLEDS,1370
GROAN,1371
MAIDS,1372
MEETS,1373
SPECK,1374
HYMNS,1375
HINTS,1376
DROWN,1377
BOSOM,1378
SLICK,1379
QUEST,1380
COILS,1381
SPIED,1382
SNOWS,1383
STEAD,1384
SNACK,1385
PLOWS,1386
BLOND,1387
TAMED,1388
THORN,1389
WAITS,1390
GLUED,1391
BANJO,1392
TEASE,1393
ARENA,1394
BULKY,1395
CARVE,1396
STUNT,1397
WARMS,1398
SHADY,1399
RAZOR,1400
FOLLY,1401
LEAFY,1402
NOTCH,1403
FOOLS,1404
OTTER,1405
PEARS,1406
FLUSH,1407
GENUS,1408
ACHED,1409
FIVES,1410
FLAPS,1411
SPOUT,1412
SMOTE,1413
FUMES,1414
ADAPT,1415
CUFFS,1416
TASTY,1417
STOOP,1418
CLIPS,1419
DISKS,1420
SNIFF,1421
LANES,1422
BRISK,1423
IMPLY,1424
DEMON,1425
SUPER,1426
FURRY,1427
RAGED,1428
GROWL,1429
TEXTS,1430
HARDY,1431
STUNG,1432
TYPED,1433
HATES,1434
WISER,1435
TIMID,1436
SERUM,1437
BEAKS,1438
ROTOR,1439
CASTS,1440
BATHS,1441
GLIDE,1442
PLOTS,1443
TRAIT,1444
RESIN,1445
SLUMS,1446
LYRIC,1447
PUFFS,1448
DECKS,1449
BROOD,1450
MOURN,1451
ALOFT,1452
ABUSE,1453
WHIRL,1454
EDGED,1455
OVARY,1456
QUACK,1457
HEAPS,1458
SLANG,1459
AWAIT,1460
CIVIC,1461
SAINT,1462
BEVEL,1463
SONAR,1464
AUNTS,1465
PACKS,1466
FROZE,1467
TONIC,1468
CORPS,1469
SWARM,1470
FRANK,1471
REPAY,1472
GAUNT,1473
WIRED,1474
NIECE,1475
CELLO,1476
NEEDY,1477
CHUCK,1478
STONY,1479
MEDIA,1480
SURGE,1481
HURTS,1482
REPEL,1483
HUSKY,1484
DATED,1485
HUNTS,1486
MISTS,1487
EXERT,1488
DRIES,1489
MATES,1490
SWORN,1491
BAKER,1492
SPICE,1493
OASIS,1494
BOILS,1495
SPURS,1496
DOVES,1497
SNEAK,1498
PACES,1499
COLON,1500
SIEGE,1501
STRUM,1502
DRIER,1503
CACAO,1504
HUMUS,1505
BALES,1506
PIPED,1507
NASTY,1508
RINSE,1509
BOXER,1510
SHRUB,1511
AMUSE,1512
TACKS,1513
CITED,1514
SLUNG,1515
DELTA,1516
LADEN,1517
LARVA,1518
RENTS,1519
YELLS,1520
SPOOL,1521
SPILL,1522
CRUSH,1523
JEWEL,1524
SNAPS,1525
STAIN,1526
KICKS,1527
TYING,1528
SLITS,1529
RATED,1530
EERIE,1531
SMASH,1532
PLUMS,1533
ZEBRA,1534
EARNS,1535
BUSHY,1536
SCARY,1537
SQUAD,1538
TUTOR,1539
SILKS,1540
SLABS,1541
BUMPS,1542
EVILS,1543
FANGS,1544
SNOUT,1545
PERIL,1546
PIVOT,1547
YACHT,1548
LOBBY,1549
JEANS,1550
GRINS,1551
VIOLA,1552
LINER,1553
COMET,1554
SCARS,1555
CHOPS,1556
RAIDS,1557
EATER,1558
SLATE,1559
SKIPS,1560
SOLES,1561
MISTY,1562
URINE,1563
KNOBS,1564
SLEET,1565
HOLLY,1566
PESTS,1567
FORKS,1568
GRILL,1569
TRAYS,1570
PAILS,1571
BORNE,1572
TENOR,1573
WARES,1574
CAROL,1575
WOODY,1576
CANON,1577
WAKES,1578
KITTY,1579
MINER,1580
POLLS,1581
SHAKY,1582
NASAL,1583
SCORN,1584
CHESS,1585
TAXIS,1586
CRATE,1587
SHYLY,1588
TULIP,1589
FORGE,1590
NYMPH,1591
BUDGE,1592
LOWLY,1593
ABIDE,1594
DEPOT,1595
OASES,1596
ASSES,1597
SHEDS,1598
FUDGE,1599
PILLS,1600
RIVET,1601
THINE,1602
GROOM,1603
LANKY,1604
BOOST,1605
BROTH,1606
HEAVE,1607
GRAVY,1608
BEECH,1609
TIMED,1610
QUAIL,1611
INERT,1612
GEARS,1613
CHICK,1614
HINGE,1615
TRASH,1616
CLASH,1617
SIGHS,1618
RENEW,1619
BOUGH,1620
DWARF,1621
SLOWS,1622
QUILL,1623
SHAVE,1624
SPORE,1625
SIXES,1626
CHUNK,1627
MADLY,1628
PACED,1629
BRAID,1630
FUZZY,1631
MOTTO,1632
SPIES,1633
SLACK,1634
MUCUS,1635
MAGMA,1636
AWFUL,1637
DISCS,1638
ERASE,1639
POSED,1640
ASSET,1641
CIDER,1642
TAPER,1643
THEFT,1644
CHURN,1645
SATIN,1646
SLOTS,1647
TAXED,1648
BULLY,1649
SLOTH,1650
SHALE,1651
TREAD,1652
RAKED,1653
CURDS,1654
MANOR,1655
AISLE,1656
BULGE,1657
LOINS,1658
STAIR,1659
TAPES,1660
LEANS,1661
BUNKS,1662
SQUAT,1663
TOWED,1664
LANCE,1665
PANES,1666
SAKES,1667
HEIRS,1668
CASTE,1669
DUMMY,1670
PORES,1671
FAUNA,1672
CROOK,1673
POISE,1674
EPOCH,1675
RISKY,1676
WARNS,1677
FLING,1678
BERRY,1679
GRAPE,1680
FLANK,1681
DRAGS,1682
SQUID,1683
PELTS,1684
ICING,1685
IRONY,1686
IRONS,1687
BARKS,1688
WHOOP,1689
CHOKE,1690
DIETS,1691
WHIPS,1692
TALLY,1693
DOZED,1694
TWINE,1695
KITES,1696
BIKES,1697
TICKS,1698
RIOTS,1699
ROARS,1700
VAULT,1701
LOOMS,1702
SCOLD,1703
BLINK,1704
DANDY,1705
PUPAE,1706
SIEVE,1707
SPIKE,1708
DUCTS,1709
LENDS,1710
PIZZA,1711
BRINK,1712
WIDEN,1713
PLUMB,1714
PAGAN,1715
FEATS,1716
BISON,1717
SOGGY,1718
SCOOP,1719
ARGON,1720
NUDGE,1721
SKIFF,1722
AMBER,1723
SEXES,1724
ROUSE,1725
SALTS,1726
HITCH,1727
EXALT,1728
LEASH,1729
DINED,1730
CHUTE,1731
SNORT,1732
GUSTS,1733
MELON,1734
CHEAT,1735
REEFS,1736
LLAMA,1737
LASSO,1738
DEBUT,1739
QUOTA,1740
OATHS,1741
PRONE,1742
MIXES,1743
RAFTS,1744
DIVES,1745
STALE,1746
INLET,1747
FLICK,1748
PINTO,1749
BROWS,1750
UNTIE,1751
BATCH,1752
GREED,1753
CHORE,1754
STIRS,1755
BLUSH,1756
ONSET,1757
BARBS,1758
VOLTS,1759
BEIGE,1760
SWOOP,1761
PADDY,1762
LACED,1763
SHOVE,1764
JERKY,1765
POPPY,1766
LEAKS,1767
FARES,1768
DODGE,1769
GODLY,1770
SQUAW,1771
AFFIX,1772
BRUTE,1773
NICER,1774
UNDUE,1775
SNARL,1776
MERGE,1777
DOSES,1778
SHOWY,1779
DADDY,1780
ROOST,1781
VASES,1782
SWIRL,1783
PETTY,1784
COLDS,1785
CURRY,1786
COBRA,1787
GENIE,1788
FLARE,1789
MESSY,1790
CORES,1791
SOAKS,1792
RIPEN,1793
WHINE,1794
AMINO,1795
PLAID,1796
SPINY,1797
MOWED,1798
BATON,1799
PEERS,1800
VOWED,1801
PIOUS,1802
SWANS,1803
EXITS,1804
AFOOT,1805
PLUGS,1806
IDIOM,1807
CHILI,1808
RITES,1809
SERFS,1810
CLEFT,1811
BERTH,1812
GRUBS,1813
ANNEX,1814
DIZZY,1815
HASTY,1816
LATCH,1817
WASPS,1818
MIRTH,1819
BARON,1820
PLEAD,1821
ALOOF,1822
AGING,1823
PIXEL,1824
BARED,1825
MUMMY,1826
HOTLY,1827
AUGER,1828
BUDDY,1829
CHAPS,1830
BADGE,1831
STARK,1832
FAIRS,1833
GULLY,1834
MUMPS,1835
EMERY,1836
FILLY,1837
OVENS,1838
DRONE,1839
GAUZE,1840
IDIOT,1841
FUSSY,1842
ANNOY,1843
SHANK,1844
GOUGE,1845
BLEED,1846
ELVES,1847
ROPED,1848
UNFIT,1849
BAGGY,1850
MOWER,1851
SCANT,1852
GRABS,1853
FLEAS,1854
LOUSY,1855
ALBUM,1856
SAWED,1857
COOKY,1858
MURKY,1859
INFER,1860
BURLY,1861
WAGED,1862
DINGY,1863
BRINE,1864
KNEEL,1865
CREAK,1866
VANES,1867
SMOKY,1868
SPURT,1869
COMBS,1870
EASEL,1871
LACES,1872
HUMPS,1873
RUMOR,1874
AROMA,1875
HORDE,1876
SWISS,1877
LEAPT,1878
OPIUM,1879
SLIME,1880
AFIRE,1881
PANSY,1882
MARES,1883
SOAPS,1884
HUSKS,1885
SNIPS,1886
HAZEL,1887
LINED,1888
CAFES,1889
NAIVE,1890
WRAPS,1891
SIZED,1892
PIERS,1893
BESET,1894
AGILE,1895
TONGS,1896
STEED,1897
FRAUD,1898
BOOTY,1899
VALOR,1900
DOWNY,1901
WITTY,1902
MOSSY,1903
PSALM,1904
SCUBA,1905
TOURS,1906
POLKA,1907
MILKY,1908
GAUDY,1909
SHRUG,1910
TUFTS,1911
WILDS,1912
LASER,1913
TRUSS,1914
HARES,1915
CREED,1916
LILAC,1917
SIREN,1918
TARRY,1919
BRIBE,1920
SWINE,1921
MUTED,1922
FLIPS,1923
CURES,1924
SINEW,1925
BOXED,1926
HOOPS,1927
GASPS,1928
HOODS,1929
NICHE,1930
YUCCA,1931
GLOWS,1932
SEWER,1933
WHACK,1934
FUSES,1935
GOWNS,1936
DROOP,1937
BUCKS,1938
PANGS,1939
MAILS,1940
WHISK,1941
HAVEN,1942
CLASP,1943
SLING,1944
STINT,1945
URGES,1946
CHAMP,1947
PIETY,1948
CHIRP,1949
PLEAT,1950
POSSE,1951
SUNUP,1952
MENUS,1953
HOWLS,1954
QUAKE,1955
KNACK,1956
PLAZA,1957
FIEND,1958
CAKED,1959
BANGS,1960
ERUPT,1961
POKER,1962
OLDEN,1963
CRAMP,1964
VOTER,1965
POSES,1966
MANLY,1967
SLUMP,1968
FINED,1969
GRIPS,1970
GAPED,1971
PURGE,1972
HIKED,1973
MAIZE,1974
FLUFF,1975
STRUT,1976
SLOOP,1977
PROWL,1978
ROACH,1979
COCKS,1980
BLAND,1981
DIALS,1982
PLUME,1983
SLAPS,1984
SOUPS,1985
DULLY,1986
WILLS,1987
FOAMS,1988
SOLOS,1989
SKIER,1990
EAVES,1991
TOTEM,1992
FUSED,1993
LATEX,1994
VEILS,1995
MUSED,1996
MAINS,1997
MYRRH,1998
RACKS,1999
GALLS,2000
GNATS,2001
BOUTS,2002
SISAL,2003
SHUTS,2004
HOSES,2005
DRYLY,2006
HOVER,2007
GLOSS,2008
SEEPS,2009
DENIM,2010
PUTTY,2011
GUPPY,2012
LEAKY,2013
DUSKY,2014
FILTH,2015
OBOES,2016
SPANS,2017
FOWLS,2018
ADORN,2019
GLAZE,2020
HAUNT,2021
DARES,2022
OBEYS,2023
BAKES,2024
ABYSS,2025
SMELT,2026
GANGS,2027
ACHES,2028
TRAWL,2029
CLAPS,2030
UNDID,2031
SPICY,2032
HOIST,2033
FADES,2034
VICAR,2035
ACORN,2036
PUSSY,2037
GRUFF,2038
MUSTY,2039
TARTS,2040
SNUFF,2041
HUNCH,2042
TRUCE,2043
TWEED,2044
DRYER,2045
LOSER,2046
SHEAF,2047
MOLES,2048
LAPSE,2049
TAWNY,2050
VEXED,2051
AUTOS,2052
WAGER,2053
DOMES,2054
SHEEN,2055
CLANG,2056
SPADE,2057
SOWED,2058
BROIL,2059
SLYLY,2060
STUDS,2061
GRUNT,2062
DONOR,2063
SLUGS,2064
ASPEN,2065
HOMER,2066
CROAK,2067
TITHE,2068
HALTS,2069
AVERT,2070
HAVOC,2071
HOGAN,2072
GLINT,2073
RUDDY,2074
JEEPS,2075
FLAKY,2076
LADLE,2077
TAUNT,2078
SNORE,2079
FINES,2080
PROPS,2081
PRUNE,2082
PESOS,2083
RADII,2084
POKES,2085
TILED,2086
DAISY,2087
HERON,2088
VILLA,2089
FARCE,2090
BINDS,2091
CITES,2092
FIXES,2093
JERKS,2094
LIVID,2095
WAKED,2096
INKED,2097
BOOMS,2098
CHEWS,2099
LICKS,2100
HYENA,2101
SCOFF,2102
LUSTY,2103
SONIC,2104
SMITH,2105
USHER,2106
TUCKS,2107
VIGIL,2108
MOLTS,2109
SECTS,2110
SPARS,2111
DUMPS,2112
SCALY,2113
WISPS,2114
SORES,2115
MINCE,2116
PANDA,2117
FLIER,2118
AXLES,2119
PLIED,2120
BOOBY,2121
PATIO,2122
RABBI,2123
PETAL,2124
POLYP,2125
TINTS,2126
GRATE,2127
TROLL,2128
TOLLS,2129
RELIC,2130
PHONY,2131
BLEAT,2132
FLAWS,2133
FLAKE,2134
SNAGS,2135
APTLY,2136
DRAWL,2137
ULCER,2138
SOAPY,2139
BOSSY,2140
MONKS,2141
CRAGS,2142
CAGED,2143
TWANG,2144
DINER,2145
TAPED,2146
CADET,2147
GRIDS,2148
SPAWN,2149
GUILE,2150
NOOSE,2151
MORES,2152
GIRTH,2153
SLIMY,2154
AIDES,2155
SPASM,2156
BURRS,2157
ALIBI,2158
LYMPH,2159
SAUCY,2160
MUGGY,2161
LITER,2162
JOKED,2163
GOOFY,2164
EXAMS,2165
ENACT,2166
STORK,2167
LURED,2168
TOXIC,2169
OMENS,2170
NEARS,2171
COVET,2172
WRUNG,2173
FORUM,2174
VENOM,2175
MOODY,2176
ALDER,2177
SASSY,2178
FLAIR,2179
GUILD,2180
PRAYS,2181
WRENS,2182
HAULS,2183
STAVE,2184
TILTS,2185
PECKS,2186
STOMP,2187
GALES,2188
TEMPT,2189
CAPES,2190
MESAS,2191
OMITS,2192
TEPEE,2193
HARRY,2194
WRING,2195
EVOKE,2196
LIMES,2197
CLUCK,2198
LUNGE,2199
HIGHS,2200
CANES,2201
GIDDY,2202
LITHE,2203
VERGE,2204
KHAKI,2205
QUEUE,2206
LOATH,2207
FOYER,2208
OUTDO,2209
FARED,2210
DETER,2211
CRUMB,2212
ASTIR,2213
SPIRE,2214
JUMPY,2215
EXTOL,2216
BUOYS,2217
STUBS,2218
LUCID,2219
THONG,2220
AFORE,2221
WHIFF,2222
MAXIM,2223
HULLS,2224
CLOGS,2225
SLATS,2226
JIFFY,2227
ARBOR,2228
CINCH,2229
IGLOO,2230
GOODY,2231
GAZES,2232
DOWEL,2233
CALMS,2234
BITCH,2235
SCOWL,2236
GULPS,2237
CODED,2238
WAVER,2239
MASON,2240
LOBES,2241
EBONY,2242
FLAIL,2243
ISLES,2244
CLODS,2245
DAZED,2246
ADEPT,2247
OOZED,2248
SEDAN,2249
CLAYS,2250
WARTS,2251
KETCH,2252
SKUNK,2253
MANES,2254
ADORE,2255
SNEER,2256
MANGO,2257
FIORD,2258
FLORA,2259
ROOMY,2260
MINKS,2261
THAWS,2262
WATTS,2263
FREER,2264
EXULT,2265
PLUSH,2266
PALED,2267
TWAIN,2268
CLINK,2269
SCAMP,2270
PAWED,2271
GROPE,2272
BRAVO,2273
GABLE,2274
STINK,2275
SEVER,2276
WANED,2277
RARER,2278
REGAL,2279
WARDS,2280
FAWNS,2281
BABES,2282
UNIFY,2283
AMEND,2284
OAKEN,2285
GLADE,2286
VISOR,2287
HEFTY,2288
NINES,2289
THROB,2290
PECAN,2291
BUTTS,2292
PENCE,2293
SILLS,2294
JAILS,2295
FLYER,2296
SABER,2297
NOMAD,2298
MITER,2299
BEEPS,2300
DOMED,2301
GULFS,2302
CURBS,2303
HEATH,2304
MOORS,2305
AORTA,2306
LARKS,2307
TANGY,2308
WRYLY,2309
CHEEP,2310
RAGES,2311
EVADE,2312
LURES,2313
FREAK,2314
VOGUE,2315
TUNIC,2316
SLAMS,2317
KNITS,2318
DUMPY,2319
MANIA,2320
SPITS,2321
FIRTH,2322
HIKES,2323
TROTS,2324
NOSED,2325
CLANK,2326
DOGMA,2327
BLOAT,2328
BALSA,2329
GRAFT,2330
MIDDY,2331
STILE,2332
KEYED,2333
FINCH,2334
SPERM,2335
CHAFF,2336
WILES,2337
AMIGO,2338
COPRA,2339
AMISS,2340
EYING,2341
TWIRL,2342
LURCH,2343
POPES,2344
CHINS,2345
SMOCK,2346
TINES,2347
GUISE,2348
GRITS,2349
JUNKS,2350
SHOAL,2351
CACHE,2352
TAPIR,2353
ATOLL,2354
DEITY,2355
TOILS,2356
SPREE,2357
MOCKS,2358
SCANS,2359
SHORN,2360
REVEL,2361
RAVEN,2362
HOARY,2363
REELS,2364
SCUFF,2365
MIMIC,2366
WEEDY,2367
CORNY,2368
TRUER,2369
ROUGE,2370
EMBER,2371
FLOES,2372
TORSO,2373
WIPES,2374
EDICT,2375
SULKY,2376
RECUR,2377
GROIN,2378
BASTE,2379
KINKS,2380
SURER,2381
PIGGY,2382
MOLDY,2383
FRANC,2384
LIARS,2385
INEPT,2386
GUSTY,2387
FACET,2388
JETTY,2389
EQUIP,2390
LEPER,2391
SLINK,2392
SOARS,2393
CATER,2394
DOWRY,2395
SIDED,2396
YEARN,2397
DECOY,2398
TABOO,2399
OVALS,2400
HEALS,2401
PLEAS,2402
BERET,2403
SPILT,2404
GAYLY,2405
ROVER,2406
ENDOW,2407
PYGMY,2408
CARAT,2409
ABBEY,2410
VENTS,2411
WAKEN,2412
CHIMP,2413
FUMED,2414
SODAS,2415
VINYL,2416
CLOUT,2417
WADES,2418
MITES,2419
SMIRK,2420
BORES,2421
BUNNY,2422
SURLY,2423
FROCK,2424
FORAY,2425
PURER,2426
MILKS,2427
QUERY,2428
MIRED,2429
BLARE,2430
FROTH,2431
GRUEL,2432
NAVEL,2433
PALER,2434
PUFFY,2435
CASKS,2436
GRIME,2437
DERBY,2438
MAMMA,2439
GAVEL,2440
TEDDY,2441
VOMIT,2442
MOANS,2443
ALLOT,2444
DEFER,2445
WIELD,2446
VIPER,2447
LOUSE,2448
ERRED,2449
HEWED,2450
ABHOR,2451
WREST,2452
WAXEN,2453
ADAGE,2454
ARDOR,2455
STABS,2456
PORED,2457
RONDO,2458
LOPED,2459
FISHY,2460
BIBLE,2461
HIRES,2462
FOALS,2463
FEUDS,2464
JAMBS,2465
THUDS,2466
JEERS,2467
KNEAD,2468
QUIRK,2469
RUGBY,2470
EXPEL,2471
GREYS,2472
RIGOR,2473
ESTER,2474
LYRES,2475
ABACK,2476
GLUES,2477
LOTUS,2478
LURID,2479
RUNGS,2480
HUTCH,2481
THYME,2482
VALET,2483
TOMMY,2484
YOKES,2485
EPICS,2486
TRILL,2487
PIKES,2488
OZONE,2489
CAPER,2490
CHIME,2491
FREES,2492
FAMED,2493
LEECH,2494
SMITE,2495
NEIGH,2496
ERODE,2497
ROBED,2498
HOARD,2499
SALVE,2500
CONIC,2501
GAWKY,2502
CRAZE,2503
JACKS,2504
GLOAT,2505
MUSHY,2506
RUMPS,2507
FETUS,2508
WINCE,2509
PINKS,2510
SHALT,2511
TOOTS,2512
GLENS,2513
COOED,2514
RUSTS,2515
STEWS,2516
SHRED,2517
PARKA,2518
CHUGS,2519
WINKS,2520
CLOTS,2521
SHREW,2522
BOOED,2523
FILMY,2524
JUROR,2525
DENTS,2526
GUMMY,2527
GRAYS,2528
HOOKY,2529
BUTTE,2530
DOGIE,2531
POLED,2532
REAMS,2533
FIFES,2534
SPANK,2535
GAYER,2536
TEPID,2537
SPOOK,2538
TAINT,2539
FLIRT,2540
ROGUE,2541
SPIKY,2542
OPALS,2543
MISER,2544
COCKY,2545
COYLY,2546
BALMY,2547
SLOSH,2548
BRAWL,2549
APHID,2550
FAKED,2551
HYDRA,2552
BRAGS,2553
CHIDE,2554
YANKS,2555
ALLAY,2556
VIDEO,2557
ALTOS,2558
EASES,2559
METED,2560
CHASM,2561
LONGS,2562
EXCEL,2563
TAFFY,2564
IMPEL,2565
SAVOR,2566
KOALA,2567
QUAYS,2568
DAWNS,2569
PROXY,2570
CLOVE,2571
DUETS,2572
DREGS,2573
TARDY,2574
BRIAR,2575
GRIMY,2576
ULTRA,2577
MEATY,2578
HALVE,2579
WAILS,2580
SUEDE,2581
MAUVE,2582
ENVOY,2583
ARSON,2584
COVES,2585
GOOEY,2586
BREWS,2587
SOFAS,2588
CHUMS,2589
AMAZE,2590
ZOOMS,2591
ABBOT,2592
HALOS,2593
SCOUR,2594
SUING,2595
CRIBS,2596
SAGAS,2597
ENEMA,2598
WORDY,2599
HARPS,2600
COUPE,2601
MOLAR,2602
FLOPS,2603
WEEPS,2604
MINTS,2605
ASHEN,2606
FELTS,2607
ASKEW,2608
MUNCH,2609
MEWED,2610
DIVAN,2611
VICES,2612
JUMBO,2613
BLOBS,2614
BLOTS,2615
SPUNK,2616
ACRID,2617
TOPAZ,2618
CUBED,2619
CLANS,2620
FLEES,2621
SLURS,2622
GNAWS,2623
WELDS,2624
FORDS,2625
EMITS,2626
AGATE,2627
PUMAS,2628
MENDS,2629
DARKS,2630
DUKES,2631
PLIES,2632
CANNY,2633
HOOTS,2634
OOZES,2635
LAMED,2636
FOULS,2637
CLEFS,2638
NICKS,2639
MATED,2640
SKIMS,2641
BRUNT,2642
TUBER,2643
TINGE,2644
FATES,2645
DITTY,2646
THINS,2647
FRETS,2648
EIDER,2649
BAYOU,2650
MULCH,2651
FASTS,2652
AMASS,2653
DAMPS,2654
MORNS,2655
FRIAR,2656
PALSY,2657
VISTA,2658
CROON,2659
CONCH,2660
UDDER,2661
TACOS,2662
SKITS,2663
MIKES,2664
QUITS,2665
PREEN,2666
ASTER,2667
ADDER,2668
ELEGY,2669
PULPY,2670
SCOWS,2671
BALED,2672
HOVEL,2673
LAVAS,2674
CRAVE,2675
OPTIC,2676
WELTS,2677
BUSTS,2678
KNAVE,2679
RAZED,2680
SHINS,2681
TOTES,2682
SCOOT,2683
DEARS,2684
CROCK,2685
MUTES,2686
TRIMS,2687
SKEIN,2688
DOTED,2689
SHUNS,2690
VEERS,2691
FAKES,2692
YOKED,2693
WOOED,2694
HACKS,2695
SPRIG,2696
WANDS,2697
LULLS,2698
SEERS,2699
SNOBS,2700
NOOKS,2701
PINED,2702
PERKY,2703
MOOED,2704
FRILL,2705
DINES,2706
BOOZE,2707
TRIPE,2708
PRONG,2709
DRIPS,2710
ODDER,2711
LEVEE,2712
ANTIC,2713
SIDLE,2714
PITHY,2715
CORKS,2716
YELPS,2717
JOKER,2718
FLECK,2719
BUFFS,2720
SCRAM,2721
TIERS,2722
BOGEY,2723
DOLED,2724
IRATE,2725
VALES,2726
COPED,2727
HAILS,2728
ELUDE,2729
BULKS,2730
AIRED,2731
VYING,2732
STAGS,2733
STREW,2734
COCCI,2735
PACTS,2736
SCABS,2737
SILOS,2738
DUSTS,2739
YODEL,2740
TERSE,2741
JADED,2742
BASER,2743
JIBES,2744
FOILS,2745
SWAYS,2746
FORGO,2747
SLAYS,2748
PREYS,2749
TREKS,2750
QUELL,2751
PEEKS,2752
ASSAY,2753
LURKS,2754
EJECT,2755
BOARS,2756
TRITE,2757
BELCH,2758
GNASH,2759
WANES,2760
LUTES,2761
WHIMS,2762
DOSED,2763
CHEWY,2764
SNIPE,2765
UMBRA,2766
TEEMS,2767
DOZES,2768
KELPS,2769
UPPED,2770
BRAWN,2771
DOPED,2772
SHUSH,2773
RINDS,2774
SLUSH,2775
MORON,2776
VOILE,2777
WOKEN,2778
FJORD,2779
SHEIK,2780
JESTS,2781
KAYAK,2782
SLEWS,2783
TOTED,2784
SANER,2785
DRAPE,2786
PATTY,2787
RAVES,2788
SULFA,2789
GRIST,2790
SKIED,2791
VIXEN,2792
CIVET,2793
VOUCH,2794
TIARA,2795
HOMEY,2796
MOPED,2797
RUNTS,2798
SERGE,2799
KINKY,2800
RILLS,2801
CORNS,2802
BRATS,2803
PRIES,2804
AMBLE,2805
FRIES,2806
LOONS,2807
TSARS,2808
DATUM,2809
MUSKY,2810
PIGMY,2811
GNOME,2812
RAVEL,2813
OVULE,2814
ICILY,2815
LIKEN,2816
LEMUR,2817
FRAYS,2818
SILTS,2819
SIFTS,2820
PLODS,2821
RAMPS,2822
TRESS,2823
EARLS,2824
DUDES,2825
WAIVE,2826
KARAT,2827
JOLTS,2828
PEONS,2829
BEERS,2830
HORNY,2831
PALES,2832
WREAK,2833
LAIRS,2834
LYNCH,2835
STANK,2836
SWOON,2837
IDLER,2838
ABORT,2839
BLITZ,2840
ENSUE,2841
ATONE,2842
BINGO,2843
ROVES,2844
KILTS,2845
SCALD,2846
ADIOS,2847
CYNIC,2848
DULLS,2849
MEMOS,2850
ELFIN,2851
DALES,2852
PEELS,2853
PEALS,2854
BARES,2855
SINUS,2856
CRONE,2857
SABLE,2858
HINDS,2859
SHIRK,2860
ENROL,2861
WILTS,2862
ROAMS,2863
DUPED,2864
CYSTS,2865
MITTS,2866
SAFES,2867
SPATS,2868
COOPS,2869
FILET,2870
KNELL,2871
REFIT,2872
COVEY,2873
PUNKS,2874
KILNS,2875
FITLY,2876
ABATE,2877
TALCS,2878
HEEDS,2879
DUELS,2880
WANLY,2881
RUFFS,2882
GAUSS,2883
LAPEL,2884
JAUNT,2885
WHELP,2886
CLEAT,2887
GAUZY,2888
DIRGE,2889
EDITS,2890
WORMY,2891
MOATS,2892
SMEAR,2893
PRODS,2894
BOWEL,2895
FRISK,2896
VESTS,2897
BAYED,2898
RASPS,2899
TAMES,2900
DELVE,2901
EMBED,2902
BEFIT,2903
WAFER,2904
CEDED,2905
NOVAS,2906
FEIGN,2907
SPEWS,2908
LARCH,2909
HUFFS,2910
DOLES,2911
MAMAS,2912
HULKS,2913
PRIED,2914
BRIMS,2915
IRKED,2916
ASPIC,2917
SWIPE,2918
MEALY,2919
SKIMP,2920
BLUER,2921
SLAKE,2922
DOWDY,2923
PENIS,2924
BRAYS,2925
PUPAS,2926
EGRET,2927
FLUNK,2928
PHLOX,2929
GRIPE,2930
PEONY,2931
DOUSE,2932
BLURS,2933
DARNS,2934
SLUNK,2935
LEFTS,2936
CHATS,2937
INANE,2938
VIALS,2939
STILT,2940
RINKS,2941
WOOFS,2942
WOWED,2943
BONGS,2944
FROND,2945
INGOT,2946
EVICT,2947
SINGE,2948
SHYER,2949
FLIED,2950
SLOPS,2951
DOLTS,2952
DROOL,2953
DELLS,2954
WHELK,2955
HIPPY,2956
FETED,2957
ETHER,2958
COCOS,2959
HIVES,2960
JIBED,2961
MAZES,2962
TRIOS,2963
SIRUP,2964
SQUAB,2965
LATHS,2966
LEERS,2967
PASTA,2968
RIFTS,2969
LOPES,2970
ALIAS,2971
WHIRS,2972
DICED,2973
SLAGS,2974
LODES,2975
FOXED,2976
IDLED,2977
PROWS,2978
PLAIT,2979
MALTS,2980
CHAFE,2981
COWER,2982
TOYED,2983
CHEFS,2984
KEELS,2985
STIES,2986
RACER,2987
ETUDE,2988
SUCKS,2989
SULKS,2990
MICAS,2991
CZARS,2992
COPSE,2993
AILED,2994
ABLER,2995
RABID,2996
GOLDS,2997
CROUP,2998
SNAKY,2999
VISAS,3000
PALLS,3001
MOPES,3002
BONED,3003
WISPY,3004
RAVED,3005
SWAPS,3006
JUNKY,3007
DOILY,3008
PAWNS,3009
TAMER,3010
POACH,3011
BAITS,3012
DAMNS,3013
GUMBO,3014
DAUNT,3015
PRANK,3016
HUNKS,3017
BUXOM,3018
HERES,3019
HONKS,3020
STOWS,3021
UNBAR,3022
IDLES,3023
ROUTS,3024
SAGES,3025
GOADS,3026
REMIT,3027
COPES,3028
DEIGN,3029
CULLS,3030
GIRDS,3031
HAVES,3032
LUCKS,3033
STUNK,3034
DODOS,3035
SHAMS,3036
SNUBS,3037
ICONS,3038
USURP,3039
DOOMS,3040
HELLS,3041
SOLED,3042
COMAS,3043
PAVES,3044
MATHS,3045
PERKS,3046
LIMPS,3047
WOMBS,3048
BLURB,3049
DAUBS,3050
COKES,3051
SOURS,3052
STUNS,3053
CASED,3054
MUSTS,3055
COEDS,3056
COWED,3057
APING,3058
ZONED,3059
RUMMY,3060
FETES,3061
SKULK,3062
QUAFF,3063
RAJAH,3064
DEANS,3065
REAPS,3066
GALAS,3067
TILLS,3068
ROVED,3069
KUDOS,3070
TONED,3071
PARED,3072
SCULL,3073
VEXES,3074
PUNTS,3075
SNOOP,3076
BAILS,3077
DAMES,3078
HAZES,3079
LORES,3080
MARTS,3081
VOIDS,3082
AMEBA,3083
RAKES,3084
ADZES,3085
HARMS,3086
REARS,3087
SATYR,3088
SWILL,3089
HEXES,3090
COLIC,3091
LEEKS,3092
HURLS,3093
YOWLS,3094
IVIES,3095
PLOPS,3096
MUSKS,3097
PAPAW,3098
JELLS,3099
BUSED,3100
CRUET,3101
BIDED,3102
FILCH,3103
ZESTS,3104
ROOKS,3105
LAXLY,3106
RENDS,3107
LOAMS,3108
BASKS,3109
SIRES,3110
CARPS,3111
POKEY,3112
FLITS,3113
MUSES,3114
BAWLS,3115
SHUCK,3116
VILER,3117
LISPS,3118
PEEPS,3119
SORER,3120
LOLLS,3121
PRUDE,3122
DIKED,3123
FLOSS,3124
FLOGS,3125
SCUMS,3126
DOPES,3127
BOGIE,3128
PINKY,3129
LEAFS,3130
TUBAS,3131
SCADS,3132
LOWED,3133
YESES,3134
BIKED,3135
QUALM,3136
EVENS,3137
CANED,3138
GAWKS,3139
WHITS,3140
WOOLY,3141
GLUTS,3142
ROMPS,3143
BESTS,3144
DUNCE,3145
CRONY,3146
JOIST,3147
TUNAS,3148
BONER,3149
MALLS,3150
PARCH,3151
AVERS,3152
CRAMS,3153
PARES,3154
DALLY,3155
BIGOT,3156
KALES,3157
FLAYS,3158
LEACH,3159
GUSHY,3160
POOCH,3161
HUGER,3162
SLYER,3163
GOLFS,3164
MIRES,3165
FLUES,3166
LOAFS,3167
ARCED,3168
ACNES,3169
NEONS,3170
FIEFS,3171
DINTS,3172
DAZES,3173
POUTS,3174
CORED,3175
YULES,3176
LILTS,3177
BEEFS,3178
MUTTS,3179
FELLS,3180
COWLS,3181
SPUDS,3182
LAMES,3183
JAWED,3184
DUPES,3185
DEADS,3186
BYLAW,3187
NOONS,3188
NIFTY,3189
CLUED,3190
VIREO,3191
GAPES,3192
METES,3193
CUTER,3194
MAIMS,3195
DROLL,3196
CUPID,3197
MAULS,3198
SEDGE,3199
PAPAS,3200
WHEYS,3201
EKING,3202
LOOTS,3203
HILTS,3204
MEOWS,3205
BEAUS,3206
DICES,3207
PEPPY,3208
RIPER,3209
FOGEY,3210
GISTS,3211
YOGAS,3212
GILTS,3213
SKEWS,3214
CEDES,3215
ZEALS,3216
ALUMS,3217
OKAYS,3218
ELOPE,3219
GRUMP,3220
WAFTS,3221
SOOTS,3222
BLIMP,3223
HEFTS,3224
MULLS,3225
HOSED,3226
CRESS,3227
DOFFS,3228
RUDER,3229
PIXIE,3230
WAIFS,3231
OUSTS,3232
PUCKS,3233
BIERS,3234
GULCH,3235
SUETS,3236
HOBOS,3237
LINTS,3238
BRANS,3239
TEALS,3240
GARBS,3241
PEWEE,3242
HELMS,3243
TURFS,3244
QUIPS,3245
WENDS,3246
BANES,3247
NAPES,3248
ICIER,3249
SWATS,3250
BAGEL,3251
HEXED,3252
OGRES,3253
GONER,3254
GILDS,3255
PYRES,3256
LARDS,3257
BIDES,3258
PAGED,3259
TALON,3260
FLOUT,3261
MEDIC,3262
VEALS,3263
PUTTS,3264
DIRKS,3265
DOTES,3266
TIPPY,3267
BLURT,3268
PITHS,3269
ACING,3270
BARER,3271
WHETS,3272
GAITS,3273
WOOLS,3274
DUNKS,3275
HEROS,3276
SWABS,3277
DIRTS,3278
JUTES,3279
HEMPS,3280
SURFS,3281
OKAPI,3282
CHOWS,3283
SHOOS,3284
DUSKS,3285
PARRY,3286
DECAL,3287
FURLS,3288
CILIA,3289
SEARS,3290
NOVAE,3291
MURKS,3292
WARPS,3293
SLUES,3294
LAMER,3295
SARIS,3296
WEANS,3297
PURRS,3298
DILLS,3299
TOGAS,3300
NEWTS,3301
MEANY,3302
BUNTS,3303
RAZES,3304
GOONS,3305
WICKS,3306
RUSES,3307
VENDS,3308
GEODE,3309
DRAKE,3310
JUDOS,3311
LOFTS,3312
PULPS,3313
LAUDS,3314
MUCKS,3315
VISES,3316
MOCHA,3317
OILED,3318
ROMAN,3319
ETHYL,3320
GOTTA,3321
FUGUE,3322
SMACK,3323
GOURD,3324
BUMPY,3325
RADIX,3326
FATTY,3327
BORAX,3328
CUBIT,3329
CACTI,3330
GAMMA,3331
FOCAL,3332
AVAIL,3333
PAPAL,3334
GOLLY,3335
ELITE,3336
VERSA,3337
BILLY,3338
ADIEU,3339
ANNUM,3340
HOWDY,3341
RHINO,3342
NORMS,3343
BOBBY,3344
AXIOM,3345
SETUP,3346
YOLKS,3347
TERNS,3348
MIXER,3349
GENRE,3350
KNOLL,3351
ABODE,3352
JUNTA,3353
GORGE,3354
COMBO,3355
ALPHA,3356
OVERT,3357
KINDA,3358
SPELT,3359
PRICK,3360
NOBLY,3361
EPHOD,3362
AUDIO,3363
MODAL,3364
VELDT,3365
WARTY,3366
FLUKE,3367
BONNY,3368
BREAM,3369
ROSIN,3370
BOLLS,3371
DOERS,3372
DOWNS,3373
BEADY,3374
MOTIF,3375
HUMPH,3376
FELLA,3377
MOULD,3378
CREPE,3379
KERNS,3380
ALOHA,3381
GLYPH,3382
AZURE,3383
RISER,3384
BLEST,3385
LOCUS,3386
LUMPY,3387
BERYL,3388
WANNA,3389
BRIER,3390
TUNER,3391
ROWDY,3392
MURAL,3393
TIMER,3394
CANST,3395
KRILL,3396
QUOTH,3397
LEMME,3398
TRIAD,3399
TENON,3400
AMPLY,3401
DEEPS,3402
PADRE,3403
LEANT,3404
PACER,3405
OCTAL,3406
DOLLY,3407
TRANS,3408
SUMAC,3409
FOAMY,3410
LOLLY,3411
GIVER,3412
QUIPU,3413
CODEX,3414
MANNA,3415
UNWED,3416
VODKA,3417
FERNY,3418
SALON,3419
DUPLE,3420
BORON,3421
REVUE,3422
CRIER,3423
ALACK,3424
INTER,3425
DILLY,3426
WHIST,3427
CULTS,3428
SPAKE,3429
RESET,3430
LOESS,3431
DECOR,3432
MOVER,3433
VERVE,3434
ETHIC,3435
GAMUT,3436
LINGO,3437
DUNNO,3438
ALIGN,3439
SISSY,3440
INCUR,3441
REEDY,3442
AVANT,3443
PIPER,3444
WAXER,3445
CALYX,3446
BASIL,3447
COONS,3448
SEINE,3449
PINEY,3450
LEMMA,3451
TRAMS,3452
WINCH,3453
WHIRR,3454
SAITH,3455
IONIC,3456
HEADY,3457
HAREM,3458
TUMMY,3459
SALLY,3460
SHIED,3461
DROSS,3462
FARAD,3463
SAVER,3464
TILDE,3465
JINGO,3466
BOWER,3467
SERIF,3468
FACTO,3469
BELLE,3470
INSET,3471
BOGUS,3472
CAVED,3473
FORTE,3474
SOOTY,3475
BONGO,3476
TOVES,3477
CREDO,3478
BASAL,3479
YELLA,3480
AGLOW,3481
GLEAN,3482
GUSTO,3483
HYMEN,3484
ETHOS,3485
TERRA,3486
BRASH,3487
SCRIP,3488
SWASH,3489
ALEPH,3490
TINNY,3491
ITCHY,3492
WANTA,3493
TRICE,3494
JOWLS,3495
GONGS,3496
GARDE,3497
BORIC,3498
TWILL,3499
SOWER,3500
HENRY,3501
AWASH,3502
LIBEL,3503
SPURN,3504
SABRE,3505
REBUT,3506
PENAL,3507
OBESE,3508
SONNY,3509
QUIRT,3510
MEBBE,3511
TACIT,3512
GREEK,3513
XENON,3514
HULLO,3515
PIQUE,3516
ROGER,3517
NEGRO,3518
HADST,3519
GECKO,3520
BEGET,3521
UNCUT,3522
ALOES,3523
LOUIS,3524
QUINT,3525
CLUNK,3526
RAPED,3527
SALVO,3528
DIODE,3529
MATEY,3530
HERTZ,3531
XYLEM,3532
KIOSK,3533
APACE,3534
CAWED,3535
PETER,3536
WENCH,3537
COHOS,3538
SORTA,3539
GAMBA,3540
BYTES,3541
TANGO,3542
NUTTY,3543
AXIAL,3544
ALECK,3545
NATAL,3546
CLOMP,3547
GORED,3548
SIREE,3549
BANDY,3550
GUNNY,3551
RUNIC,3552
WHIZZ,3553
RUPEE,3554
FATED,3555
WIPER,3556
BARDS,3557
BRINY,3558
STAID,3559
HOCKS,3560
OCHRE,3561
YUMMY,3562
GENTS,3563
SOUPY,3564
ROPER,3565
SWATH,3566
CAMEO,3567
EDGER,3568
SPATE,3569
GIMME,3570
EBBED,3571
BREVE,3572
THETA,3573
DEEMS,3574
DYKES,3575
SERVO,3576
TELLY,3577
TABBY,3578
TARES,3579
BLOCS,3580
WELCH,3581
GHOUL,3582
VITAE,3583
CUMIN,3584
DINKY,3585
BRONC,3586
TABOR,3587
TEENY,3588
COMER,3589
BORER,3590
SIRED,3591
PRIVY,3592
MAMMY,3593
DEARY,3594
GYROS,3595
SPRIT,3596
CONGA,3597
QUIRE,3598
THUGS,3599
FUROR,3600
BLOKE,3601
RUNES,3602
BAWDY,3603
CADRE,3604
TOXIN,3605
ANNUL,3606
EGGED,3607
ANION,3608
NODES,3609
PICKY,3610
STEIN,3611
JELLO,3612
AUDIT,3613
ECHOS,3614
FAGOT,3615
LETUP,3616
EYRIE,3617
FOUNT,3618
CAPED,3619
AXONS,3620
AMUCK,3621
BANAL,3622
RILED,3623
PETIT,3624
UMBER,3625
MILER,3626
FIBRE,3627
AGAVE,3628
BATED,3629
BILGE,3630
VITRO,3631
FEINT,3632
PUDGY,3633
MATER,3634
MANIC,3635
UMPED,3636
PESKY,3637
STREP,3638
SLURP,3639
PYLON,3640
PUREE,3641
CARET,3642
TEMPS,3643
NEWEL,3644
YAWNS,3645
SEEDY,3646
TREED,3647
COUPS,3648
RANGY,3649
BRADS,3650
MANGY,3651
LONER,3652
CIRCA,3653
TIBIA,3654
AFOUL,3655
MOMMY,3656
TITER,3657
CARNE,3658
KOOKY,3659
MOTES,3660
AMITY,3661
SUAVE,3662
HIPPO,3663
CURVY,3664
SAMBA,3665
NEWSY,3666
ANISE,3667
IMAMS,3668
TULLE,3669
AWAYS,3670
LIVEN,3671
HALLO,3672
WALES,3673
OPTED,3674
CANTO,3675
IDYLL,3676
BODES,3677
CURIO,3678
WRACK,3679
HIKER,3680
CHIVE,3681
YOKEL,3682
DOTTY,3683
DEMUR,3684
CUSPS,3685
SPECS,3686
QUADS,3687
LAITY,3688
TONER,3689
DECRY,3690
WRITS,3691
SAUTE,3692
CLACK,3693
AUGHT,3694
LOGOS,3695
TIPSY,3696
NATTY,3697
DUCAL,3698
BIDET,3699
BULGY,3700
METRE,3701
LUSTS,3702
UNARY,3703
GOETH,3704
BALER,3705
SITED,3706
SHIES,3707
HASPS,3708
BRUNG,3709
HOLED,3710
SWANK,3711
LOOKY,3712
MELEE,3713
HUFFY,3714
LOAMY,3715
PIMPS,3716
TITAN,3717
BINGE,3718
SHUNT,3719
FEMUR,3720
LIBRA,3721
SEDER,3722
HONED,3723
ANNAS,3724
COYPU,3725
SHIMS,3726
ZOWIE,3727
JIHAD,3728
SAVVY,3729
NADIR,3730
BASSO,3731
MONIC,3732
MANED,3733
MOUSY,3734
OMEGA,3735
LAVER,3736
PRIMA,3737
PICAS,3738
FOLIO,3739
MECCA,3740
REALS,3741
TROTH,3742
TESTY,3743
BALKY,3744
CRIMP,3745
CHINK,3746
ABETS,3747
SPLAT,3748
ABACI,3749
VAUNT,3750
CUTIE,3751
PASTY,3752
MORAY,3753
LEVIS,3754
RATTY,3755
ISLET,3756
JOUST,3757
MOTET,3758
VIRAL,3759
NUKES,3760
GRADS,3761
COMFY,3762
VOILA,3763
WOOZY,3764
BLUED,3765
WHOMP,3766
SWARD,3767
METRO,3768
SKEET,3769
CHINE,3770
AERIE,3771
BOWIE,3772
TUBBY,3773
EMIRS,3774
COATI,3775
UNZIP,3776
SLOBS,3777
TRIKE,3778
FUNKY,3779
DUCAT,3780
DEWEY,3781
SKOAL,3782
WADIS,3783
OOMPH,3784
TAKER,3785
MINIM,3786
GETUP,3787
STOIC,3788
SYNOD,3789
RUNTY,3790
FLYBY,3791
BRAZE,3792
INLAY,3793
VENUE,3794
LOUTS,3795
PEATY,3796
ORLON,3797
HUMPY,3798
RADON,3799
BEAUT,3800
RASPY,3801
UNFED,3802
CRICK,3803
NAPPY,3804
VIZOR,3805
YIPES,3806
REBUS,3807
DIVOT,3808
KIWIS,3809
VETCH,3810
SQUIB,3811
SITAR,3812
KIDDO,3813
DYERS,3814
COTTA,3815
MATZO,3816
LAGER,3817
ZEBUS,3818
CRASS,3819
DACHA,3820
KNEED,3821
DICTA,3822
FAKIR,3823
KNURL,3824
RUNNY,3825
UNPIN,3826
JULEP,3827
GLOBS,3828
NUDES,3829
SUSHI,3830
TACKY,3831
STOKE,3832
KAPUT,3833
BUTCH,3834
HULAS,3835
CROFT,3836
ACHOO,3837
GENII,3838
NODAL,3839
OUTGO,3840
SPIEL,3841
VIOLS,3842
FETID,3843
CAGEY,3844
FUDGY,3845
EPOXY,3846
LEGGY,3847
HANKY,3848
LAPIS,3849
FELON,3850
BEEFY,3851
COOTS,3852
MELBA,3853
CADDY,3854
SEGUE,3855
BETEL,3856
FRIZZ,3857
DREAR,3858
KOOKS,3859
TURBO,3860
HOAGY,3861
MOULT,3862
HELIX,3863
ZONAL,3864
ARIAS,3865
NOSEY,3866
PAEAN,3867
LACEY,3868
BANNS,3869
SWAIN,3870
FRYER,3871
RETCH,3872
TENET,3873
GIGAS,3874
WHINY,3875
OGLED,3876
RUMEN,3877
BEGOT,3878
CRUSE,3879
ABUTS,3880
RIVEN,3881
BALKS,3882
SINES,3883
SIGMA,3884
ABASE,3885
ENNUI,3886
GORES,3887
UNSET,3888
AUGUR,3889
SATED,3890
ODIUM,3891
LATIN,3892
DINGS,3893
MOIRE,3894
SCION,3895
HENNA,3896
KRAUT,3897
DICKS,3898
LIFER,3899
PRIGS,3900
BEBOP,3901
GAGES,3902
GAZER,3903
FANNY,3904
GIBES,3905
AURAL,3906
TEMPI,3907
HOOCH,3908
RAPES,3909
SNUCK,3910
HARTS,3911
TECHS,3912
EMEND,3913
NINNY,3914
GUAVA,3915
SCARP,3916
LIEGE,3917
TUFTY,3918
SEPIA,3919
TOMES,3920
CAROB,3921
EMCEE,3922
PRAMS,3923
POSER,3924
VERSO,3925
HUBBA,3926
JOULE,3927
BAIZE,3928
BLIPS,3929
SCRIM,3930
CUBBY,3931
CLAVE,3932
WINOS,3933
REARM,3934
LIENS,3935
LUMEN,3936
CHUMP,3937
NANNY,3938
TRUMP,3939
FICHU,3940
CHOMP,3941
HOMOS,3942
PURTY,3943
MASER,3944
WOOSH,3945
PATSY,3946
SHILL,3947
RUSKS,3948
AVAST,3949
SWAMI,3950
BODED,3951
AHHHH,3952
LOBED,3953
NATCH,3954
SHISH,3955
TANSY,3956
SNOOT,3957
PAYER,3958
ALTHO,3959
SAPPY,3960
LAXER,3961
HUBBY,3962
AEGIS,3963
RILES,3964
DITTO,3965
JAZZY,3966
DINGO,3967
QUASI,3968
SEPTA,3969
PEAKY,3970
LORRY,3971
HEERD,3972
BITTY,3973
PAYEE,3974
SEAMY,3975
APSES,3976
IMBUE,3977
BELIE,3978
CHARY,3979
SPOOF,3980
PHYLA,3981
CLIME,3982
BABEL,3983
WACKY,3984
SUMPS,3985
SKIDS,3986
KHANS,3987
CRYPT,3988
INURE,3989
NONCE,3990
OUTEN,3991
FAIRE,3992
HOOEY,3993
ANOLE,3994
KAZOO,3995
CALVE,3996
LIMBO,3997
ARGOT,3998
DUCKY,3999
FAKER,4000
VIBES,4001
GASSY,4002
UNLIT,4003
NERVY,4004
FEMME,4005
BITER,4006
FICHE,4007
BOORS,4008
GAFFE,4009
SAXES,4010
RECAP,4011
SYNCH,4012
FACIE,4013
DICEY,4014
OUIJA,4015
HEWER,4016
LEGIT,4017
GURUS,4018
EDIFY,4019
TWEAK,4020
CARON,4021
TYPOS,4022
RERUN,4023
POLLY,4024
SURDS,4025
HAMZA,4026
NULLS,4027
HATER,4028
LEFTY,4029
MOGUL,4030
MAFIA,4031
DEBUG,4032
PATES,4033
BLABS,4034
SPLAY,4035
TALUS,4036
PORNO,4037
MOOLA,4038
NIXED,4039
KILOS,4040
SNIDE,4041
HORSY,4042
GESSO,4043
JAGGY,4044
TROVE,4045
NIXES,4046
CREEL,4047
PATER,4048
IOTAS,4049
CADGE,4050
SKYED,4051
HOKUM,4052
FURZE,4053
ANKHS,4054
CURIE,4055
NUTSY,4056
HILUM,4057
REMIX,4058
ANGST,4059
BURLS,4060
JIMMY,4061
VEINY,4062
TRYST,4063
CODON,4064
BEFOG,4065
GAMED,4066
FLUME,4067
AXMAN,4068
DOOZY,4069
LUBES,4070
RHEAS,4071
BOZOS,4072
BUTYL,4073
KELLY,4074
MYNAH,4075
JOCKS,4076
DONUT,4077
AVIAN,4078
WURST,4079
CHOCK,4080
QUASH,4081
QUALS,4082
HAYED,4083
BOMBE,4084
CUSHY,4085
SPACY,4086
PUKED,4087
LEERY,4088
THEWS,4089
PRINK,4090
AMENS,4091
TESLA,4092
INTRO,4093
FIVER,4094
FRUMP,4095
CAPOS,4096
OPINE,4097
CODER,4098
NAMER,4099
JOWLY,4100
PUKES,4101
HALED,4102
CHARD,4103
DUFFS,4104
BRUIN,4105
REUSE,4106
WHANG,4107
TOONS,4108
FRATS,4109
SILTY,4110
TELEX,4111
CUTUP,4112
NISEI,4113
NEATO,4114
DECAF,4115
SOFTY,4116
BIMBO,4117
ADLIB,4118
LOONY,4119
SHOED,4120
AGUES,4121
PEEVE,4122
NOWAY,4123
GAMEY,4124
SARGE,4125
RERAN,4126
EPACT,4127
POTTY,4128
CONED,4129
UPEND,4130
NARCO,4131
IKATS,4132
WHORL,4133
JINKS,4134
TIZZY,4135
WEEPY,4136
POSIT,4137
MARGE,4138
VEGAN,4139
CLOPS,4140
NUMBS,4141
REEKS,4142
RUBES,4143
ROWER,4144
BIPED,4145
TIFFS,4146
HOCUS,4147
HAMMY,4148
BUNCO,4149
FIXIT,4150
TYKES,4151
CHAWS,4152
YUCKY,4153
HOKEY,4154
RESEW,4155
MAVEN,4156
ADMAN,4157
SCUZZ,4158
SLOGS,4159
SOUSE,4160
NACHO,4161
MIMED,4162
MELDS,4163
BOFFO,4164
DEBIT,4165
PINUP,4166
VAGUS,4167
GULAG,4168
RANDY,4169
BOSUN,4170
EDUCE,4171
FAXES,4172
AURAS,4173
PESTO,4174
ANTSY,4175
BETAS,4176
FIZZY,4177
DORKY,4178
SNITS,4179
MOXIE,4180
THANE,4181
MYLAR,4182
NOBBY,4183
GAMIN,4184
GOUTY,4185
ESSES,4186
GOYIM,4187
PANED,4188
DRUID,4189
JADES,4190
REHAB,4191
GOFER,4192
TZARS,4193
OCTET,4194
HOMED,4195
SOCKO,4196
DORKS,4197
EARED,4198
ANTED,4199
ELIDE,4200
FAZES,4201
OXBOW,4202
DOWSE,4203
SITUS,4204
MACAW,4205
SCONE,4206
DRILY,4207
HYPER,4208
SALSA,4209
MOOCH,4210
GATED,4211
UNJAM,4212
LIPID,4213
MITRE,4214
VENAL,4215
KNISH,4216
RITZY,4217
DIVAS,4218
TORUS,4219
MANGE,4220
DIMER,4221
RECUT,4222
MESON,4223
WINED,4224
FENDS,4225
PHAGE,4226
FIATS,4227
CAULK,4228
CAVIL,4229
PANTY,4230
ROANS,4231
BILKS,4232
HONES,4233
BOTCH,4234
ESTOP,4235
SULLY,4236
SOOTH,4237
GELDS,4238
AHOLD,4239
RAPER,4240
PAGER,4241
FIXER,4242
INFIX,4243
HICKS,4244
TUXES,4245
PLEBE,4246
TWITS,4247
ABASH,4248
TWIXT,4249
WACKO,4250
PRIMP,4251
NABLA,4252
GIRTS,4253
MIFFS,4254
EMOTE,4255
XEROX,4256
REBID,4257
SHAHS,4258
RUTTY,4259
GROUT,4260
GRIFT,4261
DEIFY,4262
BIDDY,4263
KOPEK,4264
SEMIS,4265
BRIES,4266
ACMES,4267
PITON,4268
HUSSY,4269
TORTS,4270
DISCO,4271
WHORE,4272
BOOZY,4273
GIBED,4274
VAMPS,4275
AMOUR,4276
SOPPY,4277
GONZO,4278
DURST,4279
WADER,4280
TUTUS,4281
PERMS,4282
CATTY,4283
GLITZ,4284
BRIGS,4285
NERDS,4286
BARMY,4287
GIZMO,4288
OWLET,4289
SAYER,4290
MOLLS,4291
SHARD,4292
WHOPS,4293
COMPS,4294
CORER,4295
COLAS,4296
MATTE,4297
DROID,4298
PLOYS,4299
VAPID,4300
CAIRN,4301
DEISM,4302
MIXUP,4303
YIKES,4304
PROSY,4305
RAKER,4306
FLUBS,4307
WHISH,4308
REIFY,4309
CRAPS,4310
SHAGS,4311
CLONE,4312
HAZED,4313
MACHO,4314
RECTO,4315
REFIX,4316
DRAMS,4317
BIKER,4318
AQUAS,4319
PORKY,4320
DOYEN,4321
EXUDE,4322
GOOFS,4323
DIVVY,4324
NOELS,4325
JIVED,4326
HULKY,4327
CAGER,4328
HARPY,4329
OLDIE,4330
VIVAS,4331
ADMIX,4332
CODAS,4333
ZILCH,4334
DEIST,4335
ORCAS,4336
RETRO,4337
PILAF,4338
PARSE,4339
RANTS,4340
ZINGY,4341
TODDY,4342
CHIFF,4343
MICRO,4344
VEEPS,4345
GIRLY,4346
NEXUS,4347
DEMOS,4348
BIBBS,4349
ANTES,4350
LULUS,4351
GNARL,4352
ZIPPY,4353
IVIED,4354
EPEES,4355
WIMPS,4356
TROMP,4357
GRAIL,4358
YOYOS,4359
POUFS,4360
HALES,4361
ROUST,4362
CABAL,4363
RAWER,4364
PAMPA,4365
MOSEY,4366
KEFIR,4367
BURGS,4368
UNMET,4369
CUSPY,4370
BOOBS,4371
BOONS,4372
HYPES,4373
DYNES,4374
NARDS,4375
LANAI,4376
YOGIS,4377
SEPAL,4378
QUARK,4379
TOKED,4380
PRATE,4381
AYINS,4382
HAWED,4383
SWIGS,4384
VITAS,4385
TOKER,4386
DOPER,4387
BOSSA,4388
LINTY,4389
FOIST,4390
MONDO,4391
STASH,4392
KAYOS,4393
TWERP,4394
ZESTY,4395
CAPON,4396
WIMPY,4397
REWED,4398
FUNGO,4399
TAROT,4400
FROSH,4401
KABOB,4402
PINKO,4403
REDID,4404
MIMEO,4405
HEIST,4406
TARPS,4407
LAMAS,4408
SUTRA,4409
DINAR,4410
WHAMS,4411
BUSTY,4412
SPAYS,4413
MAMBO,4414
NABOB,4415
PREPS,4416
ODOUR,4417
CABBY,4418
CONKS,4419
SLUFF,4420
DADOS,4421
HOURI,4422
SWART,4423
BALMS,4424
GUTSY,4425
FAXED,4426
EGADS,4427
PUSHY,4428
RETRY,4429
AGORA,4430
DRUBS,4431
DAFFY,4432
CHITS,4433
MUFTI,4434
KARMA,4435
LOTTO,4436
TOFFS,4437
BURPS,4438
DEUCE,4439
ZINGS,4440
KAPPA,4441
CLADS,4442
DOGGY,4443
DUPER,4444
SCAMS,4445
OGLER,4446
MIMES,4447
THROE,4448
ZETAS,4449
WALED,4450
PROMO,4451
BLATS,4452
MUFFS,4453
OINKS,4454
VIAND,4455
COSET,4456
FINKS,4457
FADDY,4458
MINIS,4459
SNAFU,4460
SAUNA,4461
USURY,4462
MUXES,4463
CRAWS,4464
STATS,4465
CONDO,4466
COXES,4467
LOOPY,4468
DORMS,4469
ASCOT,4470
DIPPY,4471
EXECS,4472
DOPEY,4473
ENVOI,4474
UMPTY,4475
GISMO,4476
FAZED,4477
STROP,4478
JIVES,4479
SLIMS,4480
BATIK,4481
PINGS,4482
SONLY,4483
LEGGO,4484
PEKOE,4485
PRAWN,4486
LUAUS,4487
CAMPY,4488
OODLE,4489
PREXY,4490
PROMS,4491
TOUTS,4492
OGLES,4493
TWEET,4494
TOADY,4495
NAIAD,4496
HIDER,4497
NUKED,4498
FATSO,4499
SLUTS,4500
OBITS,4501
NARCS,4502
TYROS,4503
DELIS,4504
WOOER,4505
HYPED,4506
POSET,4507
BYWAY,4508
TEXAS,4509
SCROD,4510
AVOWS,4511
FUTON,4512
TORTE,4513
TUPLE,4514
CAROM,4515
KEBAB,4516
TAMPS,4517
JILTS,4518
DUALS,4519
ARTSY,4520
REPRO,4521
MODEM,4522
TOPED,4523
PSYCH,4524
SICKO,4525
KLUTZ,4526
TARNS,4527
COXED,4528
DRAYS,4529
CLOYS,4530
ANDED,4531
PIKER,4532
AIMER,4533
SURAS,4534
LIMOS,4535
FLACK,4536
HAPAX,4537
DUTCH,4538
MUCKY,4539
SHIRE,4540
KLIEG,4541
STAPH,4542
LAYUP,4543
TOKES,4544
AXING,4545
TOPER,4546
DUVET,4547
COWRY,4548
PROFS,4549
BLAHS,4550
ADDLE,4551
SUDSY,4552
BATTY,4553
COIFS,4554
SUETY,4555
GABBY,4556
HAFTA,4557
PITAS,4558
GOUDA,4559
DEICE,4560
TAUPE,4561
TOPES,4562
DUCHY,4563
NITRO,4564
CARNY,4565
LIMEY,4566
ORALS,4567
HIRER,4568
TAXER,4569
ROILS,4570
RUBLE,4571
ELATE,4572
DOLOR,4573
WRYER,4574
SNOTS,4575
QUAIS,4576
COKED,4577
GIMEL,4578
GORSE,4579
MINAS,4580
GOEST,4581
AGAPE,4582
MANTA,4583
JINGS,4584
ILIAC,4585
ADMEN,4586
OFFEN,4587
CILLS,4588
OFFAL,4589
LOTTA,4590
BOLAS,4591
THWAP,4592
ALWAY,4593
BOGGY,4594
DONNA,4595
LOCOS,4596
BELAY,4597
GLUEY,4598
BITSY,4599
MIMSY,4600
HILAR,4601
OUTTA,4602
VROOM,4603
FETAL,4604
RATHS,4605
RENAL,4606
DYADS,4607
CROCS,4608
VIRES,4609
CULPA,4610
KIVAS,4611
FEIST,4612
TEATS,4613
THATS,4614
YAWLS,4615
WHENS,4616
ABACA,4617
OHHHH,4618
APHIS,4619
FUSTY,4620
ECLAT,4621
PERDU,4622
MAYST,4623
EXEAT,4624
MOLLY,4625
SUPRA,4626
WETLY,4627
PLASM,4628
BUFFA,4629
SEMEN,4630
PUKKA,4631
TAGUA,4632
PARAS,4633
STOAT,4634
SECCO,4635
CARTE,4636
HAUTE,4637
MOLAL,4638
SHADS,4639
FORMA,4640
OVOID,4641
PIONS,4642
MODUS,4643
BUENO,4644
RHEUM,4645
SCURF,4646
PARER,4647
EPHAH,4648
DOEST,4649
SPRUE,4650
FLAMS,4651
MOLTO,4652
DIETH,4653
CHOOS,4654
MIKED,4655
BRONX,4656
GOOPY,4657
BALLY,4658
PLUMY,4659
MOONY,4660
MORTS,4661
YOURN,4662
BIPOD,4663
SPUME,4664
ALGAL,4665
AMBIT,4666
MUCHO,4667
SPUED,4668
DOZER,4669
HARUM,4670
GROAT,4671
SKINT,4672
LAUDE,4673
THRUM,4674
PAPPY,4675
ONCET,4676
RIMED,4677
GIGUE,4678
LIMED,4679
PLEIN,4680
REDLY,4681
HUMPF,4682
LITES,4683
SEEST,4684
GREBE,4685
ABSIT,4686
THANX,4687
PSHAW,4688
YAWPS,4689
PLATS,4690
PAYED,4691
AREAL,4692
TILTH,4693
YOUSE,4694
GWINE,4695
THEES,4696
WATSA,4697
LENTO,4698
SPITZ,4699
YAWED,4700
GIPSY,4701
SPRAT,4702
CORNU,4703
AMAHS,4704
BLOWY,4705
WAHOO,4706
LUBRA,4707
MECUM,4708
WHOOO,4709
COQUI,4710
SABRA,4711
EDEMA,4712
MRADS,4713
DICOT,4714
ASTRO,4715
KITED,4716
OUZEL,4717
DIDOS,4718
GRATA,4719
BONNE,4720
AXMEN,4721
KLUNK,4722
SUMMA,4723
LAVES,4724
PURLS,4725
YAWNY,4726
TEARY,4727
MASSE,4728
LARGO,4729
BAZAR,4730
PSSST,4731
SYLPH,4732
LULAB,4733
TOQUE,4734
FUGIT,4735
PLUNK,4736
ORTHO,4737
LUCRE,4738
COOCH,4739
WHIPT,4740
FOLKY,4741
TYRES,4742
WHEEE,4743
CORKY,4744
INJUN,4745
SOLON,4746
DIDOT,4747
KERFS,4748
RAYED,4749
WASSA,4750
CHILE,4751
BEGAT,4752
NIPPY,4753
LITRE,4754
MAGNA,4755
REBOX,4756
HYDRO,4757
MILCH,4758
BRENT,4759
GYVES,4760
LAZED,4761
FEUED,4762
MAVIS,4763
INAPT,4764
BAULK,4765
CASUS,4766
SCRUM,4767
WISED,4768
FOSSA,4769
DOWER,4770
KYRIE,4771
BHOYS,4772
SCUSE,4773
FEUAR,4774
OHMIC,4775
JUSTE,4776
UKASE,4777
BEAUX,4778
TUSKY,4779
ORATE,4780
MUSTA,4781
LARDY,4782
INTRA,4783
QUIFF,4784
EPSOM,4785
NEATH,4786
OCHER,4787
TARED,4788
HOMME,4789
MEZZO,4790
CORMS,4791
PSOAS,4792
BEAKY,4793
TERRY,4794
INFRA,4795
SPIVS,4796
TUANS,4797
BELLI,4798
BERGS,4799
ANIMA,4800
WEIRS,4801
MAHUA,4802
SCOPS,4803
MANSE,4804
TITRE,4805
CURIA,4806
KEBOB,4807
CYCAD,4808
TALKY,4809
FUCKS,4810
TAPIS,4811
AMIDE,4812
DOLCE,4813
SLOES,4814
JAKES,4815
RUSSE,4816
BLASH,4817
TUTTI,4818
PRUTA,4819
PANGA,4820
BLEBS,4821
TENCH,4822
SWARF,4823
HEREM,4824
MISSY,4825
MERSE,4826
PAWKY,4827
LIMEN,4828
VIVRE,4829
CHERT,4830
UNSEE,4831
TIROS,4832
BRACK,4833
FOOTS,4834
WELSH,4835
FOSSE,4836
KNOPS,4837
ILEUM,4838
NOIRE,4839
FIRMA,4840
PODGY,4841
LAIRD,4842
THUNK,4843
SHUTE,4844
ROWAN,4845
SHOJI,4846
POESY,4847
UNCAP,4848
FAMES,4849
GLEES,4850
COSTA,4851
TURPS,4852
FORES,4853
SOLUM,4854
IMAGO,4855
BYRES,4856
FONDU,4857
CONEY,4858
POLIS,4859
DICTU,4860
KRAAL,4861
SHERD,4862
MUMBO,4863
WROTH,4864
CHARS,4865
UNBOX,4866
VACUO,4867
SLUED,4868
WEEST,4869
HADES,4870
WILED,4871
SYNCS,4872
MUSER,4873
EXCON,4874
HOARS,4875
SIBYL,4876
PASSE,4877
JOEYS,4878
LOTSA,4879
LEPTA,4880
SHAYS,4881
BOCKS,4882
ENDUE,4883
DARER,4884
NONES,4885
ILEUS,4886
PLASH,4887
BUSBY,4888
WHEAL,4889
BUFFO,4890
YOBBO,4891
BILES,4892
POXES,4893
ROOTY,4894
LICIT,4895
TERCE,4896
BROMO,4897
HAYEY,4898
DWEEB,4899
IMBED,4900
SARAN,4901
BRUIT,4902
PUNKY,4903
SOFTS,4904
BIFFS,4905
LOPPY,4906
AGARS,4907
AQUAE,4908
LIVRE,4909
BIOME,4910
BUNDS,4911
SHEWS,4912
DIEMS,4913
GINNY,4914
DEGUM,4915
POLOS,4916
DESEX,4917
UNMAN,4918
DUNGY,4919
VITAM,4920
WEDGY,4921
GLEBE,4922
APERS,4923
RIDGY,4924
ROIDS,4925
WIFEY,4926
VAPES,4927
WHOAS,4928
BUNKO,4929
YOLKY,4930
ULNAS,4931
REEKY,4932
BODGE,4933
BRANT,4934
DAVIT,4935
DEQUE,4936
LIKER,4937
JENNY,4938
TACTS,4939
FULLS,4940
TREAP,4941
LIGNE,4942
ACKED,4943
REFRY,4944
VOWER,4945
AARGH,4946
CHURL,4947
MOMMA,4948
GAOLS,4949
WHUMP,4950
ARRAS,4951
MARLS,4952
TILER,4953
GROGS,4954
MEMES,4955
MIDIS,4956
TIDED,4957
HALER,4958
DUCES,4959
TWINY,4960
POSTE,4961
UNRIG,4962
PRISE,4963
DRABS,4964
QUIDS,4965
FACER,4966
SPIER,4967
BARIC,4968
GEOID,4969
REMAP,4970
TRIER,4971
GUNKS,4972
STENO,4973
STOMA,4974
AIRER,4975
OVATE,4976
TORAH,4977
APIAN,4978
SMUTS,4979
POCKS,4980
YURTS,4981
EXURB,4982
DEFOG,4983
NUDER,4984
BOSKY,4985
NIMBI,4986
MOTHY,4987
JOYED,4988
LABIA,4989
PARDS,4990
JAMMY,4991
BIGLY,4992
FAXER,4993
HOPPY,4994
NURBS,4995
COTES,4996
DISHY,4997
VISED,4998
CELEB,4999
PISMO,5000
CASAS,5001
WITHS,5002
DODGY,5003
SCUDI,5004
MUNGS,5005
MUONS,5006
UREAS,5007
IOCTL,5008
UNHIP,5009
KRONE,5010
SAGER,5011
VERST,5012
EXPAT,5013
GRONK,5014
UVULA,5015
SHAWM,5016
BILGY,5017
BRAES,5018
CENTO,5019
WEBBY,5020
LIPPY,5021
GAMIC,5022
LORDY,5023
MAZED,5024
TINGS,5025
SHOAT,5026
FAERY,5027
WIRER,5028
DIAZO,5029
CARER,5030
RATER,5031
GREPS,5032
RENTE,5033
ZLOTY,5034
VIERS,5035
UNAPT,5036
POOPS,5037
FECAL,5038
KEPIS,5039
TAXON,5040
EYERS,5041
WONTS,5042
SPINA,5043
STOAE,5044
YENTA,5045
POOEY,5046
BURET,5047
JAPAN,5048
BEDEW,5049
HAFTS,5050
SELFS,5051
OARED,5052
HERBY,5053
PRYER,5054
OAKUM,5055
DINKS,5056
TITTY,5057
SEPOY,5058
PENES,5059
FUSEE,5060
WINEY,5061
GIMPS,5062
NIHIL,5063
RILLE,5064
GIBER,5065
OUSEL,5066
UMIAK,5067
CUPPY,5068
HAMES,5069
SHITS,5070
AZINE,5071
GLADS,5072
TACET,5073
BUMPH,5074
COYER,5075
HONKY,5076
GAMER,5077
GOOKY,5078
WASPY,5079
SEDGY,5080
BENTS,5081
VARIA,5082
DJINN,5083
JUNCO,5084
PUBIC,5085
WILCO,5086
LAZES,5087
IDYLS,5088
LUPUS,5089
RIVES,5090
SNOOD,5091
SCHMO,5092
SPAZZ,5093
FINIS,5094
NOTER,5095
PAVAN,5096
ORBED,5097
BATES,5098
PIPET,5099
BADDY,5100
GOERS,5101
SHAKO,5102
STETS,5103
SEBUM,5104
SEETH,5105
LOBAR,5106
RAVER,5107
AJUGA,5108
RICED,5109
VELDS,5110
DRIBS,5111
VILLE,5112
DHOWS,5113
UNSEW,5114
HALMA,5115
KRONA,5116
LIMBY,5117
JIFFS,5118
TREYS,5119
BAUDS,5120
PFFFT,5121
MIMER,5122
PLEBS,5123
CANER,5124
JIBER,5125
CUPPA,5126
WASHY,5127
CHUFF,5128
UNARM,5129
YUKKY,5130
STYES,5131
WAKER,5132
FLAKS,5133
MACES,5134
RIMES,5135
GIMPY,5136
GUANO,5137
LIRAS,5138
KAPOK,5139
SCUDS,5140
BWANA,5141
ORING,5142
AIDER,5143
PRIER,5144
KLUGY,5145
MONTE,5146
GOLEM,5147
VELAR,5148
FIRER,5149
PIETA,5150
UMBEL,5151
CAMPO,5152
UNPEG,5153
FOVEA,5154
ABEAM,5155
BOSON,5156
ASKER,5157
GOTHS,5158
VOCAB,5159
VINED,5160
TROWS,5161
TIKIS,5162
LOPER,5163
INDIE,5164
BOFFS,5165
SPANG,5166
GRAPY,5167
TATER,5168
ICHOR,5169
KILTY,5170
LOCHS,5171
SUPES,5172
DEGAS,5173
FLICS,5174
TORSI,5175
BETHS,5176
WEBER,5177
RESAW,5178
LAWNY,5179
COVEN,5180
MUJIK,5181
RELET,5182
THERM,5183
HEIGH,5184
SHNOR,5185
TRUED,5186
ZAYIN,5187
LIEST,5188
BARFS,5189
BASSI,5190
QOPHS,5191
ROILY,5192
FLABS,5193
PUNNY,5194
OKRAS,5195
HANKS,5196
DIPSO,5197
NERFS,5198
FAUNS,5199
CALLA,5200
PSEUD,5201
LURER,5202
MAGUS,5203
OBEAH,5204
ATRIA,5205
TWINK,5206
PALMY,5207
POCKY,5208
PENDS,5209
RECTA,5210
PLONK,5211
SLAWS,5212
KEENS,5213
NICAD,5214
PONES,5215
INKER,5216
WHEWS,5217
GROKS,5218
MOSTS,5219
TREWS,5220
ULNAR,5221
GYPPY,5222
COCAS,5223
EXPOS,5224
ERUCT,5225
OILER,5226
VACUA,5227
DRECK,5228
DATER,5229
ARUMS,5230
TUBAL,5231
VOXEL,5232
DIXIT,5233
BEERY,5234
ASSAI,5235
LADES,5236
ACTIN,5237
GHOTI,5238
BUZZY,5239
MEADS,5240
GRODY,5241
RIBBY,5242
CLEWS,5243
CREME,5244
EMAIL,5245
PYXIE,5246
KULAK,5247
BOCCI,5248
RIVED,5249
DUDDY,5250
HOPER,5251
LAPIN,5252
WONKS,5253
PETRI,5254
PHIAL,5255
FUGAL,5256
HOLON,5257
BOOMY,5258
DUOMO,5259
MUSOS,5260
SHIER,5261
HAYER,5262
PORGY,5263
HIVED,5264
LITHO,5265
FISTY,5266
STAGY,5267
LUVYA,5268
MARIA,5269
SMOGS,5270
ASANA,5271
YOGIC,5272
SLOMO,5273
FAWNY,5274
AMINE,5275
WEFTS,5276
GONAD,5277
TWIRP,5278
BRAVA,5279
PLYER,5280
FERMI,5281
LOGES,5282
NITER,5283
REVET,5284
UNATE,5285
GYVED,5286
TOTTY,5287
ZAPPY,5288
HONER,5289
GIROS,5290
DICER,5291
CALKS,5292
LUXES,5293
MONAD,5294
CRUFT,5295
QUOIN,5296
FUMER,5297
AMPED,5298
SHLEP,5299
VINCA,5300
YAHOO,5301
VULVA,5302
ZOOEY,5303
DRYAD,5304
NIXIE,5305
MOPER,5306
IAMBS,5307
LUNES,5308
NUDIE,5309
LIMNS,5310
WEALS,5311
NOHOW,5312
MIAOW,5313
GOUTS,5314
MYNAS,5315
MAZER,5316
KIKES,5317
OXEYE,5318
STOUP,5319
JUJUS,5320
DEBAR,5321
PUBES,5322
TAELS,5323
DEFUN,5324
RANDS,5325
BLEAR,5326
PAVER,5327
GOOSY,5328
SPROG,5329
OLEOS,5330
TOFFY,5331
PAWER,5332
MACED,5333
CRITS,5334
KLUGE,5335
TUBED,5336
SAHIB,5337
GANEF,5338
SCATS,5339
SPUTA,5340
VANED,5341
ACNED,5342
TAXOL,5343
PLINK,5344
OWETH,5345
TRIBS,5346
RESAY,5347
BOULE,5348
THOUS,5349
HAPLY,5350
GLANS,5351
MAXIS,5352
BEZEL,5353
ANTIS,5354
PORKS,5355
QUOIT,5356
ALKYD,5357
GLARY,5358
BEAMY,5359
HEXAD,5360
BONKS,5361
TECUM,5362
KERBS,5363
FILAR,5364
FRIER,5365
REDUX,5366
ABUZZ,5367
FADER,5368
SHOER,5369
COUTH,5370
TRUES,5371
GUYED,5372
GOONY,5373
BOOKY,5374
FUZES,5375
HURLY,5376
GENET,5377
HODAD,5378
CALIX,5379
FILER,5380
PAWLS,5381
IODIC,5382
UTERO,5383
HENGE,5384
UNSAY,5385
LIERS,5386
PIING,5387
WEALD,5388
SEXED,5389
FOLIC,5390
POXED,5391
CUNTS,5392
ANILE,5393
KITHS,5394
BECKS,5395
TATTY,5396
PLENA,5397
REBAR,5398
ABLED,5399
TOYER,5400
ATTAR,5401
TEAKS,5402
AIOLI,5403
AWING,5404
ANENT,5405
FECES,5406
REDIP,5407
WISTS,5408
PRATS,5409
MESNE,5410
MUTER,5411
SMURF,5412
OWEST,5413
BAHTS,5414
LOSSY,5415
FTPED,5416
HUNKY,5417
HOERS,5418
SLIER,5419
SICKS,5420
FATLY,5421
DELFT,5422
HIVER,5423
HIMBO,5424
PENGO,5425
BUSKS,5426
LOXES,5427
ZONKS,5428
ILIUM,5429
APORT,5430
IKONS,5431
MULCT,5432
REEVE,5433
CIVVY,5434
CANNA,5435
BARFY,5436
KAIAK,5437
SCUDO,5438
KNOUT,5439
GAPER,5440
BHANG,5441
PEASE,5442
UTERI,5443
LASES,5444
PATEN,5445
RASAE,5446
AXELS,5447
STOAS,5448
OMBRE,5449
STYLI,5450
GUNKY,5451
HAZER,5452
KENAF,5453
AHOYS,5454
AMMOS,5455
WEENY,5456
URGER,5457
KUDZU,5458
PAREN,5459
BOLOS,5460
FETOR,5461
NITTY,5462
TECHY,5463
LIETH,5464
SOMAS,5465
DARKY,5466
VILLI,5467
GLUON,5468
JANES,5469
CANTS,5470
FARTS,5471
SOCLE,5472
JINNS,5473
RUING,5474
SLILY,5475
RICER,5476
HADDA,5477
WOWEE,5478
RICES,5479
NERTS,5480
CAULS,5481
SWIVE,5482
LILTY,5483
MICKS,5484
ARITY,5485
PASHA,5486
FINIF,5487
OINKY,5488
GUTTY,5489
TETRA,5490
WISES,5491
WOLDS,5492
BALDS,5493
PICOT,5494
WHATS,5495
SHIKI,5496
BUNGS,5497
SNARF,5498
LEGOS,5499
DUNGS,5500
STOGY,5501
BERMS,5502
TANGS,5503
VAILS,5504
ROODS,5505
MOREL,5506
SWARE,5507
ELANS,5508
LATUS,5509
GULES,5510
RAZER,5511
DOXIE,5512
BUENA,5513
OVERS,5514
GUTTA,5515
ZINCS,5516
NATES,5517
KIRKS,5518
TIKES,5519
DONEE,5520
JERRY,5521
MOHEL,5522
CEDER,5523
DOGES,5524
UNMAP,5525
FOLIA,5526
RAWLY,5527
SNARK,5528
TOPOI,5529
CEILS,5530
IMMIX,5531
YORES,5532
DIEST,5533
BUBBA,5534
POMPS,5535
FORKY,5536
TURDY,5537
LAWZY,5538
POOHS,5539
WORTS,5540
GLOMS,5541
BEANO,5542
MULEY,5543
BARKY,5544
TUNNY,5545
AURIC,5546
FUNKS,5547
GAFFS,5548
CORDY,5549
CURDY,5550
LISLE,5551
TORIC,5552
SOYAS,5553
REMAN,5554
MUNGY,5555
CARPY,5556
APISH,5557
OATEN,5558
GAPPY,5559
AURAE,5560
BRACT,5561
ROOKY,5562
AXLED,5563
BURRY,5564
SIZER,5565
PROEM,5566
TURFY,5567
IMPRO,5568
MASHY,5569
MIENS,5570
NONNY,5571
OLIOS,5572
GROOK,5573
SATES,5574
AGLEY,5575
CORGI,5576
DASHY,5577
DOSER,5578
DILDO,5579
APSOS,5580
XORED,5581
LAKER,5582
PLAYA,5583
SELAH,5584
MALTY,5585
DULSE,5586
FRIGS,5587
DEMIT,5588
WHOSO,5589
RIALS,5590
SAWER,5591
SPICS,5592
BEDIM,5593
SNUGS,5594
FANIN,5595
AZOIC,5596
ICERS,5597
SUERS,5598
WIZEN,5599
KOINE,5600
TOPOS,5601
SHIRR,5602
RIFER,5603
FERAL,5604
LADED,5605
LASED,5606
TURDS,5607
SWEDE,5608
EASTS,5609
COZEN,5610
UNHIT,5611
PALLY,5612
AITCH,5613
SEDUM,5614
COPER,5615
RUCHE,5616
GEEKS,5617
SWAGS,5618
ETEXT,5619
ALGIN,5620
OFFED,5621
NINJA,5622
HOLER,5623
DOTER,5624
TOTER,5625
BESOT,5626
DICUT,5627
MACER,5628
PEENS,5629
PEWIT,5630
REDOX,5631
POLER,5632
YECCH,5633
FLUKY,5634
DOETH,5635
TWATS,5636
CRUDS,5637
BEBUG,5638
BIDER,5639
STELE,5640
HEXER,5641
WESTS,5642
GLUER,5643
PILAU,5644
ABAFT,5645
WHELM,5646
LACER,5647
INODE,5648
TABUS,5649
GATOR,5650
CUING,5651
REFLY,5652
LUTED,5653
CUKES,5654
BAIRN,5655
BIGHT,5656
ARSES,5657
CRUMP,5658
LOGGY,5659
BLINI,5660
SPOOR,5661
TOYON,5662
HARKS,5663
WAZOO,5664
FENNY,5665
NAVES,5666
KEYER,5667
TUFAS,5668
MORPH,5669
RAJAS,5670
TYPAL,5671
SPIFF,5672
OXLIP,5673
UNBAN,5674
MUSSY,5675
FINNY,5676
RIMER,5677
LOGIN,5678
MOLAS,5679
CIRRI,5680
HUZZA,5681
AGONE,5682
UNSEX,5683
UNWON,5684
PEATS,5685
TOILE,5686
ZOMBI,5687
DEWED,5688
NOOKY,5689
ALKYL,5690
IXNAY,5691
DOVEY,5692
HOLEY,5693
CUBER,5694
AMYLS,5695
PODIA,5696
CHINO,5697
APNEA,5698
PRIMS,5699
LYCRA,5700
JOHNS,5701
PRIMO,5702
FATWA,5703
EGGER,5704
HEMPY,5705
SNOOK,5706
HYING,5707
FUZED,5708
BARMS,5709
CRINK,5710
MOOTS,5711
YERBA,5712
RHUMB,5713
UNARC,5714
DIRER,5715
MUNGE,5716
ELAND,5717
NARES,5718
WRIER,5719
NODDY,5720
ATILT,5721
JUKES,5722
ENDER,5723
THENS,5724
UNFIX,5725
DOGGO,5726
ZOOKS,5727
DIDDY,5728
SHMOO,5729
BRUSK,5730
PREST,5731
CURER,5732
PASTS,5733
KELPY,5734
BOCCE,5735
KICKY,5736
TAROS,5737
LINGS,5738
DICKY,5739
NERDY,5740
ABEND,5741
STELA,5742
BIGGY,5743
LAVED,5744
BALDY,5745
PUBIS,5746
GOOKS,5747
WONKY,5748
STIED,5749
HYPOS,5750
ASSED,5751
SPUMY,5752
OSIER,5753
ROBLE,5754
RUMBA,5755
BIFFY,5756
PUPAL,5757
